ANL,FH,PE,SE,AWL,CD,CH,CL,FLA,FLL,FLW,GL,GWE,GWI,PL,PS,SN,AWC,BLSC,SC
0.25,69,0,1,6,0.37,40,46,48,14,0.9,8.69,0.52,2.56,13.7,0,23,1,0,1
0.31,84,3,1,3.8,0.47,50,56,62,17.7,0.7,7.7,0.41,2.17,14.8,0,41,1,0,1
0.28,86,0,1,2.8,0.5,40,52,33,21.3,0.8,8.85,0.6,2.44,15.2,0,30,1,0,1
0.31,79,1.7,1,4.7,0.57,45,60,77,22,1,8.53,0.58,2.36,17.3,0,46,1,0,1
0.3,78,3.5,1,5.3,0.5,50,61,58,20,0.8,8.84,0.61,2.26,18.2,25,38,1,0,1
0.3,85,0.7,1,4.7,0.53,65,70,58,21.7,1.1,8.75,0.6,2.31,20.3,30,52,1,0,1
0.31,87,2.3,1,4.8,0.57,50,69,50,23.3,1.3,8.77,0.52,2.35,21.7,33,38,1,0,1
0.2,74,2,1,5.8,0.53,55,65,62,34,1,8.13,0.54,2.39,20.3,23,58,1,0,1
0.3,79,1.2,1,5.3,0.53,40,76,60,22.7,1,8.78,0.59,2.37,22.7,23,40,1,0,1
0.32,74,1.3,0,5.3,0.5,45,57,48,26.7,1.1,8.7,0.58,2.57,22.3,35,59,1,0,1
0.3,75,1.3,1,4.3,0.5,55,61,65,25.2,0.9,8.67,0.57,2.41,20.7,30,60,1,0,1
0.33,78,4.2,1,4.5,0.53,50,70,88,22,0.9,9.32,0.65,2.36,19,30,43,1,0,0
0.33,74,2.8,1,4.2,0.53,35,79,55,23.7,0.9,9.07,0.6,2.58,20.7,0,37,1,1,1
0.3,67,0,1,1.5,0.5,45,64,70,20.7,0.9,8.85,0.6,2.44,19.5,0,50,1,0,1
0.28,75,3.7,1,3.8,0.53,30,94,77,21.3,0.8,8.43,0.58,2.41,19.2,27,36,1,1,0
0.32,86,1.8,1,5.3,0.6,50,71,58,20.3,1,9.18,0.6,2.46,21.7,32,36,1,0,1
0.25,85,0,1,2.3,0.43,40,61,70,22,0.8,9.65,0.66,2.35,19.3,0,27,1,0,0
0.31,86,2.2,1,4.2,0.5,35,59,63,20.7,0.9,7.97,0.5,2.31,17.7,28,39,1,0,1
0.3,82,1,1,2.3,0.47,60,60,60,18.3,0.8,9.09,0.54,2.45,18,23,39,1,0,1
0.28,80,1.2,1,1.8,0.53,30,64,73,19,0.9,8.51,0.53,2.22,16.7,22,44,1,0,0
0.27,79,0,0,3.5,0.73,40,84,58,26.3,1.1,9.33,0.6,2.51,25,23,59,1,1,0
0.25,99,0,1,3,0.4,40,44,0,13.8,0.7,8.9,0.49,2.27,13.5,0,15,1,0,1
0.32,77,2.3,0,5.7,0.57,50,60,55,23,1,9.14,0.66,2.54,21.8,32,66,1,1,1
0.31,90,3.5,1,5.8,0.5,45,73,38,25.3,0.9,9.23,0.61,2.46,25.3,28,44,1,0,1
0.25,77,0,1,2.2,0.3,40,50,62,19,0.9,9.38,0.62,2.36,15.8,0,33,1,0,0
0.3,74,0.7,1,5.7,0.5,40,66,67,22,1,8.53,0.62,2.49,21,32,39,1,0,1
0.3,72,4.7,1,3.7,0.4,70,60,60,19.5,0.9,8.48,0.56,2.36,19.8,33,38,1,0,1
0.27,97,0,0,5.3,0.53,60,59,47,25.3,1,8.09,0.51,2.58,19.3,28,43,1,0,1
0.3,76,5.5,1,4.2,0.53,55,69,67,27.3,1.1,8.92,0.62,2.47,23.7,32,61,1,0,1
0.25,70,4.5,1,4,0.43,40,60,77,22.5,0.8,9.24,0.65,2.38,17,22,28,1,0,1
0.24,81,0,1,4.3,0.6,50,66,78,23.3,1,8.33,0.63,2.85,21.3,7,50,1,1,1
0.3,82,4.2,1,2.7,0.5,55,69,48,24.3,0.9,8.77,0.55,2.28,19.7,27,46,1,0,1
0.32,69,3.8,1,5.5,0.47,50,67,65,21.3,1,9.13,0.58,2.58,19,0,33,1,0,1
0.28,70,4.3,1,3.7,0.37,50,68,60,19.8,0.9,9.32,0.6,2.59,18.7,27,41,1,0,1
0.3,88,1.3,1,7.2,0.5,45,65,37,28.2,1.1,9.67,0.71,2.78,24,28,52,1,1,1
0.34,77,0.7,1,5.5,0.53,45,64,65,23.3,1.1,9.6,0.7,2.59,20.3,18,33,1,0,1
0.3,69,2,1,3.2,0.43,55,65,75,21.2,0.9,9.1,0.62,2.5,19,0,35,1,1,1
0.33,81,2.5,1,4.5,0.43,55,64,55,21,1,9.49,0.62,2.62,20.7,32,39,1,0,1
0.3,69,1.5,1,4.7,0.47,45,57,57,20,0.9,8.81,0.56,2.55,20.3,0,47,1,1,1
0.31,86,3,1,4,0.5,40,55,40,16.5,1.1,8.77,0.61,2.45,16.3,0,33,1,0,1
0.33,77,5.7,1,3.8,0.33,45,61,90,18,0.7,8.51,0.57,2.4,20.3,15,32,1,0,1
0.27,77,1.3,1,4.7,0.57,40,59,55,21.3,0.9,8.96,0.58,2.44,20,0,38,1,0,1
0.28,86,1,1,2,0.5,50,68,55,21.7,0.9,9.3,0.55,2.28,21.8,0,56,1,1,1
0.32,77,3.8,1,3.7,0.47,60,67,72,26.2,1.2,8.55,0.49,2.35,20.3,27,62,1,0,1
0.3,73,4.7,1,5.5,0.53,35,66,57,24,0.9,8.95,0.63,2.35,19.2,20,47,1,0,1
0.3,78,0.5,1,4,0.53,60,68,60,21,0.8,7.96,0.51,2.39,18,0,46,1,0,1
0.31,69,3,1,4.7,0.4,30,57,62,17.7,0.9,9.52,0.67,2.29,16.7,0,24,1,0,1
0.24,75,1,0,3.2,0.47,40,66,53,19.8,0.8,8.85,0.6,2.44,18.7,0,32,1,1,1
0.3,84,4.7,1,3.5,0.63,45,65,47,19.3,1,9.27,0.61,2.45,18.8,25,42,1,0,1
0.25,67,1.8,1,2.7,0.5,45,64,57,22,0.9,9.1,0.63,2.6,17.5,30,47,1,0,1
0.31,73,1,1,5.7,0.53,55,73,67,30.7,1,9.33,0.64,2.55,25.3,32,61,1,0,1
0.31,88,2.3,1,4.2,0.5,55,67,65,18.3,0.9,8.96,0.55,2.46,17,32,31,1,0,1
0.31,76,4.5,1,3.7,0.53,50,79,53,21,0.8,8.56,0.57,2.4,19.2,17,38,1,0,0
0.3,69,0,1,3.8,0.43,40,54,60,20,0.7,8.92,0.55,2.17,16,0,25,1,0,1
0.25,70,4,1,5,0.4,30,65,55,23.3,0.9,8.77,0.6,2.39,20.3,0,32,1,0,1
0.31,69,0,0,3.7,0.5,45,77,65,24.5,0.8,9.37,0.7,2.64,20,25,36,1,1,1
0.3,68,2.3,1,6,0.5,50,73,53,18.3,0.8,9.6,0.67,2.6,19.3,0,37,1,0,1
0.3,75,2.5,1,4.5,0.47,45,63,73,25.8,1,9.39,0.56,2.35,19.2,0,46,1,1,1
0.25,68,3.2,1,1.8,0.37,40,61,63,18.7,0.9,9.5,0.6,2.26,16,0,36,1,0,1
0.3,85,2.7,1,3.7,0.67,50,70,63,23.7,0.9,9.47,0.58,2.35,23.7,30,49,1,1,1
0.27,83,5.8,1,4,0.6,70,77,70,34.2,1.1,8.49,0.59,2.45,23.7,33,60,1,1,1
0.31,71,1.5,1,4.8,0.4,45,61,88,23,1,8.77,0.62,2.75,21.3,0,41,1,0,1
0.3,86,4,1,2.3,0.57,45,67,50,17.5,0.8,9.01,0.62,2.47,17,0,35,1,1,0
0.3,69,1.5,1,3.5,0.47,50,67,63,22.7,1,8.71,0.59,2.56,21,35,41,1,0,0
0.3,75,1,1,4.3,0.6,50,60,60,23.7,1,8.14,0.6,2.32,18.7,0,33,1,1,1
0.2,68,0,1,1.8,0.53,50,63,72,22.8,0.9,8.85,0.65,2.42,18,0,49,1,1,0
0.3,69,3,1,2.7,0.53,45,54,50,24,0.9,7.72,0.46,2.68,15.8,0,32,1,0,1
0.28,67,1.8,1,2.5,0.5,50,64,38,20,0.7,8.86,0.57,2.35,17.3,40,39,1,0,1
0.31,78,5.7,1,4.3,0.57,50,87,48,23.2,1,8.56,0.64,2.64,25.2,28,62,1,1,1
0.3,77,0,1,5.2,0.47,50,63,53,17.3,0.7,8.64,0.56,2.23,17,0,31,1,1,1
0.28,69,0,1,4.7,0.53,40,65,67,25.2,1,8.79,0.54,2.46,20.3,0,45,1,0,1
0.3,73,1.5,1,4.5,0.57,50,65,40,18.3,0.8,8.54,0.52,2.35,18.8,0,36,1,0,1
0.24,68,0,1,4.7,0.43,60,65,47,24.8,0.9,8.72,0.63,2.5,21.5,0,46,1,0,1
0.28,84,1.5,1,4,0.5,50,62,67,23.7,0.8,8.7,0.59,2.26,17.7,0,35,1,0,1
0.3,79,0,1,4.7,0.5,60,66,62,19.5,1,8.43,0.55,2.49,19.3,27,45,1,0,1
0.28,88,2,0,4.2,0.53,45,63,50,20.3,0.9,8.59,0.6,2.39,17.5,23,31,1,1,1
0.27,76,0,1,3.7,0.47,50,51,58,16,0.8,8.65,0.56,2.37,13.8,0,33,1,1,1
0.32,75,3.2,1,3.8,0.5,70,83,63,20.3,0.8,8.53,0.58,2.47,23.2,27,44,1,0,1
0.3,102,2.7,1,4.5,0.53,50,61,42,20,0.7,8.87,0.61,2.47,17.7,20,27,1,0,1
0.3,68,0,1,5.8,0.63,35,71,60,23.3,0.9,8.31,0.66,2.53,22.3,0,53,1,0,1
0.28,70,0,0,3.2,0.47,40,55,10,13.3,0.7,8.85,0.6,2.44,15.5,0,30,1,0,1
0.3,91,5,1,5.8,0.5,50,83,65,23.7,1.1,8.57,0.63,2.49,23.7,27,47,1,0,1
0.27,82,4,1,5.5,0.4,40,62,68,20.7,0.8,8.28,0.52,2.23,19,0,35,1,0,0
0.33,67,0.5,1,5,0.5,50,73,58,23.7,1.1,8.88,0.51,2.43,22.5,45,43,1,0,1
0.3,68,3.8,1,4.3,0.43,40,64,47,19.7,0.7,9.08,0.64,2.41,19.7,0,34,1,0,1
0.37,69,3.5,1,6.3,0.5,50,66,53,18.3,0.9,8.69,0.63,2.54,20.7,23,54,1,1,1
0.34,68,7.3,1,6.3,0.53,45,73,50,22.8,0.9,9.47,0.64,2.4,21.2,32,33,1,0,1
0.3,80,1.3,1,3,0.5,50,64,53,22,0.8,8.71,0.57,2.35,16.3,27,31,1,0,1
0.24,82,0,0,2.5,0.7,50,76,53,22.8,1,9.21,0.64,2.52,20.3,12,56,1,1,0
0.31,70,4.5,1,3.7,0.43,35,70,62,15.8,0.8,8.49,0.54,2.33,18.3,28,42,1,0,1
0.23,83,1.8,1,4.2,0.5,50,57,58,20.7,0.7,8.72,0.54,2.27,15,0,34,1,0,1
0.33,88,3.8,1,6.3,0.47,50,72,58,16.3,0.7,9,0.64,2.43,20.7,0,26,1,0,1
0.3,79,0,1,5.7,0.63,50,66,63,26.7,1.1,8.6,0.62,2.47,21.2,27,51,1,0,1
0.27,90,0,1,5.3,0.5,50,61,63,25.7,0.9,8.5,0.57,2.4,22.5,18,35,1,0,1
0.3,71,3.3,1,3.2,0.5,60,57,50,24.8,1,8.12,0.59,2.38,17.7,0,38,1,0,1
0.25,73,0,0,3.7,0.57,35,59,33,21.7,1,7.76,0.59,2.65,17.7,0,59,1,1,1
0.33,87,4.8,1,5.7,0.47,65,70,58,22.8,1,8.24,0.58,2.42,21.3,25,34,1,0,1
0.33,68,3.5,1,4.7,0.47,45,67,52,19.7,0.9,8.96,0.6,2.4,18,0,32,1,0,1
0.25,81,0,1,2.7,0.3,45,56,83,19.3,0.8,8.85,0.52,2.44,16.3,0,29,1,0,1
0.31,76,0,1,4.7,0.47,50,62,30,24,0.8,9.55,0.57,2.07,20,0,35,1,0,1
0.24,71,1.7,1,3.7,0.5,45,67,63,23.7,0.9,8.87,0.66,2.45,17.7,0,51,1,0,1
0.3,81,0,1,3.7,0.47,50,73,70,21.7,1,8.85,0.6,2.44,24,17,51,1,0,1
0.27,68,2,1,4,0.5,35,69,53,19.7,0.8,9.02,0.58,2.35,18.5,23,42,1,1,1
0.25,92,0,1,6.3,0.53,70,73,57,25.5,1.1,9.05,0.6,2.67,20.8,23,53,1,1,1
0.3,81,5.2,1,2.7,0.5,60,75,53,27.5,1.1,8.37,0.66,2.42,20.5,32,53,1,0,0
0.33,74,4.2,1,4.3,0.53,60,65,68,17.3,0.6,9.1,0.65,2.43,16.7,0,28,1,0,1
0.3,77,4.3,1,4.5,0.6,60,88,68,30,1,8.8,0.67,2.82,24.8,0,79,1,0,1
0.24,81,2.8,1,3,0.47,35,78,100,18.7,0.8,9.3,0.63,2.43,17,0,38,1,0,0
0.3,79,1.3,1,3.7,0.43,50,61,65,21,0.8,9.21,0.61,2.38,20.3,25,44,1,0,1
0.38,82,10.7,1,4.2,0.47,50,84,57,19.7,0.7,8.65,0.54,2.32,16.3,0,33,1,0,1
0.3,74,5.5,1,4.7,0.43,50,68,60,18.7,0.8,8.46,0.55,2.32,19.3,0,37,1,1,1
0.31,77,0,0,5.7,0.5,45,68,47,17.7,0.8,9.09,0.68,2.54,18.7,0,34,1,0,1
0.3,74,0,1,5,0.43,40,58,63,18,0.9,9.2,0.64,2.21,18.8,0,38,1,0,0
0.31,74,3,1,4.5,0.5,50,63,48,21.8,0.8,8.61,0.63,2.39,17.3,27,40,1,0,1
0.27,82,2.5,1,2.8,0.3,40,54,43,21.7,0.9,8.6,0.58,2.24,17.8,0,32,1,1,0
0.3,77,2.7,1,4.7,0.47,60,71,35,24.3,1.2,8.69,0.62,2.44,21.5,28,52,1,0,1
0.3,66,1.5,1,3.5,0.47,55,61,65,20.3,0.8,8.08,0.56,2.31,16.8,33,41,1,0,1
0.3,74,0,1,0.1,0.4,65,61,62,21.8,0.8,8.15,0.47,2.51,13.5,17,43,1,0,1
0.3,78,1.5,1,2.2,0.47,50,62,70,16,0.7,8.61,0.56,2.35,12.8,0,25,1,0,0
0.27,81,1.2,1,4,0.6,35,73,55,23.2,1,8.58,0.55,2.56,21.7,27,58,1,1,1
0.28,82,0,1,4.3,0.57,45,71,70,23.7,0.9,8.96,0.6,2.36,21,35,57,1,0,1
0.3,76,2,1,4.2,0.47,40,67,50,18.7,0.9,8.79,0.54,2.51,19,0,39,1,1,1
0.28,68,0.3,1,2.2,0.47,40,60,58,14.2,0.8,9.3,0.56,2.24,15.8,0,32,1,1,1
0.29,93,0,0,4.3,0.57,50,63,52,21.8,0.9,9.06,0.68,2.86,21,25,41,1,0,1
0.3,82,1,1,3.2,0.53,50,64,73,17.3,0.8,8.46,0.51,2.52,19.3,30,48,1,1,1
0.3,70,2,1,3.3,0.53,50,75,83,19.7,1,9.16,0.61,2.47,22,30,46,1,1,0
0.3,75,0,0,5.2,0.53,50,59,20,23.8,0.9,9.08,0.66,2.47,18.3,0,36,1,1,1
0.3,67,0,1,4.8,0.6,50,65,50,22.7,0.8,8.48,0.57,2.55,20,23,47,1,1,0
0.25,65,0,1,2.7,0.6,50,58,68,22.3,1.2,8.82,0.53,2.46,16.3,0,63,1,0,0
0.32,67,1,1,5.5,0.5,50,61,57,16.7,0.8,8.65,0.58,2.47,22,0,37,1,0,1
0.31,72,0.3,1,5.7,0.47,35,61,63,17.5,0.6,9.38,0.58,2.39,19.7,25,28,1,0,1
0.32,79,5.8,1,5.7,0.47,60,75,72,19.8,0.9,8.89,0.53,2.46,19,28,37,1,0,1
0.33,80,6,1,3.5,0.47,55,65,70,20,0.7,8.38,0.53,2.5,15.7,0,23,1,0,1
0.3,75,1,1,4,0.53,50,65,67,20.3,0.9,9.02,0.68,2.84,18.3,20,42,1,0,1
0.24,80,3,1,3.3,0.33,50,62,60,18.3,0.9,9.36,0.67,2.67,17.7,35,28,1,1,0
0.3,67,8,1,2.7,0.5,50,77,60,17.8,0.9,8.99,0.62,2.46,17.7,22,47,1,1,1
0.3,65,5.5,1,3.2,0.5,55,77,62,22,0.9,9.06,0.63,2.24,19.7,30,50,1,0,1
0.28,66,4.2,1,6,0.53,50,73,63,21.7,1.1,8.96,0.66,2.61,23.3,37,56,1,0,1
0.37,82,7.5,1,5.2,0.43,50,79,63,16.3,0.8,8.83,0.61,2.58,22.7,28,30,1,1,1
0.35,74,4,1,5.8,0.47,40,65,63,16.3,0.8,9.28,0.65,2.54,19,28,24,1,0,1
0.3,79,0,1,2.2,0.47,50,55,23,14.3,0.6,9.34,0.58,2.28,13.7,0,19,1,0,0
0.32,73,2,1,5.3,0.5,50,73,67,22.2,0.8,8.35,0.61,2.53,23.5,25,38,1,0,1
0.3,66,2.7,1,3,0.5,40,80,65,25.7,1,8.12,0.56,2.48,24.3,30,58,1,0,1
0.3,86,3.5,1,6.3,0.5,50,64,53,22.7,0.9,9.27,0.64,2.55,22,25,30,1,0,1
0.32,72,1.3,1,4,0.43,55,66,60,19.3,1,9.02,0.57,2.34,19.3,0,24,1,0,1
0.28,71,4.8,1,3.7,0.43,50,68,105,26.7,1,8.74,0.57,2.21,19.3,0,42,1,0,1
0.32,67,3.5,1,4.3,0.47,50,65,60,27.5,1.1,8.44,0.58,2.41,20.3,0,50,1,0,1
0.31,70,0,1,1.7,0.53,45,58,78,16.7,0.8,8.92,0.52,2.52,18.8,10,32,1,0,0
0.23,67,0,1,4.8,0.57,30,56,60,17,0.8,9.04,0.62,2.6,16.7,0,26,1,0,1
0.4,77,2.7,1,5.3,0.57,45,71,52,18.7,0.8,8.59,0.62,2.58,19,0,27,1,1,1
0.27,75,6.2,1,2.2,0.6,40,65,77,21.2,0.9,8.08,0.59,2.26,19.3,23,46,1,0,0
0.27,73,1,1,4.3,0.47,40,64,68,22.3,0.9,8.44,0.46,2.28,18.3,20,43,1,1,1
0.33,67,2.7,1,6.5,0.4,40,80,72,21.5,0.9,8.71,0.61,2.36,20.3,0,28,0,0,1
0.25,67,3.7,1,2.5,0.5,70,69,57,23.7,1.1,8.26,0.51,2.16,16,30,37,1,0,0
0.27,65,0,1,5.2,0.5,45,59,68,21,0.9,8.85,0.65,2.36,19.7,0,41,1,1,1
0.32,65,3.8,1,5.5,0.53,60,75,60,27.3,0.9,8.98,0.65,2.36,21.5,30,51,1,0,1
0.28,64,1.5,1,4.8,0.47,45,74,57,23.7,1,9.12,0.69,2.45,20.7,20,49,1,0,1
0.31,64,0,1,5.2,0.5,50,61,80,19.5,0.8,8.85,0.6,2.44,18.8,0,28,1,0,1
0.33,65,3.5,1,4.8,0.47,45,60,40,17.3,0.7,8.63,0.61,2.43,18.7,0,30,1,0,1
0.26,76,2,0,4.2,0.4,50,61,58,19.8,0.9,9.28,0.65,2.63,15.5,23,26,1,1,1
0.28,65,3.5,1,3,0.5,40,67,52,23,1.1,8.28,0.56,2.47,16.8,0,44,1,0,0
0.3,66,0,1,4,0.53,45,57,70,19.7,0.9,8.81,0.65,2.54,17.8,0,40,1,0,1
0.32,66,3.2,1,5.3,0.37,40,60,50,15.7,0.8,8.95,0.64,2.56,17.8,0,24,1,0,1
0.32,65,2.8,1,2,0.5,30,63,77,17.3,0.8,8.74,0.49,2.25,17.8,0,35,1,0,0
0.28,68,3.3,1,5.8,0.4,30,56,68,21.5,0.9,8.37,0.59,2.48,17.7,0,46,1,0,1
0.3,67,1.8,1,4.8,0.5,45,59,75,20.5,1.1,8.61,0.57,2.68,18.8,0,49,1,0,1
0.31,90,3.3,1,3.7,0.67,50,67,65,20.8,0.9,7.81,0.46,2.04,18.5,30,45,1,1,1
0.31,64,1.7,1,3.2,0.53,30,62,73,19.3,0.9,8.35,0.5,2.18,16.5,20,36,1,0,1
0.31,67,4.3,1,5.3,0.57,40,68,53,24.2,0.9,9.03,0.65,2.18,21,28,39,1,0,1
0.3,66,2.5,1,2.8,0.47,50,67,95,24.8,1.2,9.91,0.68,2.36,18.8,20,39,1,0,0
0.3,65,0,1,4,0.5,55,57,62,16.8,0.9,7.79,0.52,2.19,18.3,0,43,1,0,1
0.3,64,2,1,5,0.53,50,62,45,18.7,1,9.17,0.63,2.38,16.8,22,37,1,0,1
0.3,67,0,1,1.2,0.47,30,45,67,21.7,0.7,8.69,0.47,2.15,12.2,0,26,1,0,0
0.32,66,2.7,1,4.7,0.43,35,63,63,20,0.8,8.26,0.55,2.28,19.8,18,41,1,0,1
0.35,66,4.2,1,6.8,0.43,40,66,33,16.5,0.6,9.04,0.64,2.36,17.3,22,20,1,0,0
0.3,71,3.5,1,6.2,0.4,50,72,63,20.2,0.8,9.2,0.66,2.33,21.3,18,27,1,0,1
0.35,67,1,1,3,0.53,45,63,55,18,0.7,8.93,0.55,2.4,18.2,0,37,1,0,1
0.3,89,1.3,1,5.7,0.53,45,70,60,22.5,0.8,9.5,0.67,2.6,19.8,13,29,1,0,1
0.25,73,1.2,1,6,0.53,50,71,78,27.7,1.2,9.08,0.61,2.56,21.7,0,55,1,1,1
0.3,71,2.7,1,4.3,0.43,40,64,57,19.8,0.9,8.81,0.63,2.44,18.7,0,41,1,0,1
0.3,75,0,1,6.5,0.47,45,59,60,17.8,0.9,9.1,0.64,2.53,18.7,0,24,1,0,1
0.27,65,0,1,5,0.57,40,66,47,22.5,0.9,9.01,0.69,2.55,19.7,0,44,1,0,1
0.25,65,2.3,1,3.7,0.47,40,54,67,17.7,0.7,8.87,0.63,2.73,16,0,35,1,0,0
0.3,84,1,1,2.7,0.47,50,79,73,20.5,0.9,9.31,0.6,2.19,21.7,0,47,1,1,0
0.3,67,4.3,1,3.8,0.5,50,75,63,23.8,1.1,9.18,0.65,2.42,20,20,52,1,1,1
0.33,66,6.2,1,4.7,0.4,45,66,47,17,1,8.83,0.58,2.49,17.7,0,26,1,0,1
0.32,69,2.8,1,4.8,0.43,55,77,67,19.3,0.9,9.51,0.72,2.59,19.2,0,26,1,0,1
0.33,63,3.3,1,5.8,0.53,45,68,63,20.3,1,8.87,0.58,2.43,18.3,0,39,0,0,1
0.41,89,0,1,4.3,0.47,30,47,47,16.5,0.6,8.76,0.57,2.46,11.5,0,22,0,0,1
0.25,86,1,1,2.8,0.5,50,91,70,26.7,0.9,9.08,0.66,2.63,26,23,60,1,0,1
0.3,83,7.7,1,3.3,0.57,55,84,78,20,0.9,8.46,0.59,2.45,20.3,23,41,1,0,0
0.24,83,1.7,1,4.8,0.53,65,66,63,21.2,1,8.61,0.57,2.54,20,18,48,1,0,1
0.3,65,0,1,0.2,0.47,60,62,47,18.7,0.7,8.92,0.57,2.41,13.3,0,29,1,0,0
0.31,104,7,1,5.3,0.47,50,75,75,15.7,0.9,9,0.6,2.12,19.7,18,31,1,0,1
0.28,81,6.5,1,5.3,0.6,40,73,57,26.2,1.1,9.14,0.61,2.38,24,30,59,1,0,1
0.31,65,3.3,1,5.2,0.47,45,79,83,19.7,1,9.47,0.67,2.56,21.3,0,37,1,0,1
0.25,66,5.3,1,5,0.43,50,73,50,20.8,0.9,8.9,0.62,2.73,20.2,0,47,1,0,1
0.35,109,7,1,3.2,0.47,30,100,53,29.2,0.9,9.24,0.56,2.28,21.8,0,30,1,1,1
0.3,64,3.3,1,5.2,0.5,45,66,38,19,1.2,9.09,0.6,2.56,16.7,22,32,1,1,1
0.31,66,7.3,1,4.7,0.53,30,77,65,18.3,0.9,8.69,0.6,2.34,18.8,0,27,1,0,1
0.28,70,2.3,1,5.2,0.5,40,73,62,18.3,0.9,9.2,0.63,2.35,17.7,20,29,1,0,0
0.3,67,1.8,1,6.2,0.5,55,71,78,20.7,0.8,9.08,0.6,2.42,18.3,0,29,0,1,1
0.31,66,0,1,5.2,0.53,45,89,57,24.7,1.1,10.28,0.72,2.67,22.3,0,29,1,0,1
0.25,74,4,1,6,0.53,50,89,57,28.5,0.9,8.72,0.63,2.74,17.8,27,32,1,1,1
0.31,64,3.2,1,3.5,0.57,55,85,67,29.3,1,9.36,0.68,2.56,19.8,23,33,1,1,1
0.3,72,4,1,4.8,0.5,30,79,50,22.7,1.2,8.85,0.6,2.44,19.7,0,40,1,0,1
0.3,64,7.2,1,5.7,0.5,40,92,63,23.8,1,8.88,0.58,2.21,21,0,37,1,0,1
0.29,67,7.7,1,0.5,0.53,50,92,82,21,1,9.2,0.7,2.59,18.7,0,29,1,1,0
0.31,83,4.7,1,5.7,0.43,40,65,27,12.8,0.7,9.52,0.51,2.18,17.7,0,32,0,0,1
0.31,69,3,1,5.3,0.5,80,83,82,23.2,1,8.68,0.58,2.39,23.3,0,40,1,0,0
0.29,64,2.7,1,4,0.5,40,63,75,17.3,0.9,8.79,0.58,2.35,15.7,0,43,0,0,1
0.3,63,6.7,1,2.5,0.53,40,62,57,16.5,0.9,8.8,0.54,2.19,16,0,31,1,1,1
0.32,61,4.3,1,4.8,0.5,55,82,75,18.5,0.8,8.95,0.69,2.67,21.5,0,42,1,1,1
0.31,63,6.7,1,4.8,0.5,40,84,68,20.7,1,9.13,0.64,2.56,17.5,37,37,1,0,1
0.29,63,5.5,1,4.7,0.47,50,71,80,18.7,0.8,8.94,0.62,2.4,19.2,37,52,1,0,0
0.3,87,4.7,1,4.7,0.47,35,76,78,20,0.9,8.15,0.48,2.36,19,0,29,1,0,1
0.31,80,6.3,1,4,0.53,40,90,60,21.3,0.8,10.01,0.63,2.63,19.3,7,21,1,0,1
0.3,107,6,0,4.5,0.43,50,79,65,23.8,1,9.52,0.53,2.41,18.8,22,55,1,0,0
0.34,79,3.5,1,4.7,0.5,45,65,40,20.2,1,9.49,0.57,2.6,21.2,40,48,1,1,1
0.28,73,6,1,5,0.5,40,93,50,25.5,1.1,8.85,0.65,2.59,25.5,32,72,1,0,1
0.3,63,4.3,1,5.7,0.5,55,88,65,21.8,0.9,9.17,0.63,2.41,21.3,20,46,1,0,1
0.3,65,6.5,1,5.3,0.5,60,75,43,18.5,1,8.92,0.61,2.46,18.7,32,44,1,1,1
0.34,76,5.8,1,5.7,0.53,50,77,58,30.7,1.1,8.72,0.62,2.58,22.5,32,49,0,0,1
0.28,81,3.5,1,5.5,0.53,45,70,33,22.2,0.7,8.74,0.46,2.39,22.8,17,58,1,1,1
0.34,63,3.3,1,4.5,0.5,35,71,63,18.5,0.8,9.35,0.64,2.26,19.5,0,39,0,1,1
0.3,64,6.3,1,5.7,0.5,55,75,62,19,0.9,8.99,0.58,2.26,20.7,23,34,1,0,1
0.25,63,4.2,1,5.8,0.5,40,59,42,20.8,0.9,8.85,0.6,2.44,18,0,43,1,0,1
0.31,63,6.5,1,4.7,0.6,50,86,75,24,0.9,9.35,0.63,2.41,23.3,0,44,0,0,1
0.32,64,6.3,1,6.5,0.5,50,84,70,19.3,0.9,8.88,0.52,2.7,24.5,22,56,1,0,1
0.3,63,4.5,1,7.3,0.47,40,90,68,23.2,1.1,9,0.57,2.61,24,22,68,1,0,1
0.3,64,8.2,1,2,0.43,45,82,52,19.2,1,8.78,0.56,2.53,17.3,0,43,1,1,0
0.25,63,3.5,0,5,0.47,50,91,72,19.2,0.8,8.52,0.58,2.57,19.3,0,35,1,0,1
0.28,63,7.5,0,4.3,0.47,60,75,55,22.8,1.1,9.53,0.68,2.69,19.3,40,54,1,0,1
0.3,71,8,1,6.8,0.4,35,83,65,23.3,1,8.72,0.63,2.44,22.3,0,50,1,0,1
0.29,103,4,1,2.7,0.43,30,78,47,15,0.7,8.38,0.49,2.14,19.7,35,50,1,0,1
0.23,72,2.3,1,4.7,0.4,45,75,47,24.3,1.1,8.23,0.55,2.49,19.5,0,54,1,0,1
0.31,72,6.2,1,4.2,0.5,35,84,33,18.3,0.8,9.14,0.59,2.48,16.3,23,33,1,0,1
0.3,73,4.3,1,4,0.5,25,84,38,23.2,1.1,8.68,0.62,2.51,20.3,0,40,1,0,1
0.3,85,3.3,1,6.3,0.4,45,69,27,21,0.8,8.18,0.54,2.35,19.2,0,25,0,0,1
0.28,78,2.7,1,4.3,0.47,40,70,37,10.8,0.7,8.85,0.6,2.44,19.7,0,39,1,0,1
0.34,83,7.3,0,5.7,0.43,45,85,45,23.7,1.1,8.85,0.6,2.44,21.3,0,35,0,1,1
0.3,82,7.5,1,5.2,0.53,45,88,77,22.8,1,8.42,0.69,2.61,22.5,33,53,1,0,0
0.33,79,4.2,0,7.2,0.4,50,79,43,21.7,0.8,8.51,0.58,2.51,21.2,0,33,0,1,1
0.24,79,3,1,5.7,0.5,40,73,77,22,0.9,9.06,0.66,2.59,18.7,0,51,0,0,1
0.32,74,0.5,1,4.2,0.4,35,70,38,17.7,0.8,8.85,0.6,2.44,22.8,0,36,1,0,0
0.31,78,5.7,1,0.7,0.53,45,88,65,20.2,1,8.93,0.64,2.44,19.5,25,49,1,0,0
0.27,91,1.8,1,4,0.47,35,76,47,18.5,0.9,8.71,0.69,2.58,19.3,0,36,1,1,1
0.31,85,5.3,0,6.5,0.47,45,79,45,20.7,0.9,9.17,0.67,2.73,21,22,36,0,0,1
0.35,64,4.7,1,4.3,0.5,35,88,62,18.8,1,8.6,0.64,2.69,20.8,27,52,1,0,1
0.33,63,3,0,6.2,0.37,40,72,67,18.3,0.9,9.07,0.57,2.37,21.3,27,35,1,1,1
0.3,65,4.8,1,5.7,0.47,40,79,48,29.2,0.9,9.31,0.6,2.53,22.5,10,45,1,0,1
0.31,75,8.3,1,5.8,0.43,45,82,48,18.5,0.9,9.3,0.55,2.77,22.8,28,41,1,0,1
0.25,63,0,1,4.3,0.4,35,71,33,20,1.1,8.85,0.6,2.44,19.2,0,44,1,1,1
0.28,70,8,1,5.2,0.43,50,86,42,19,0.9,9.22,0.6,2.21,21,27,48,1,0,1
0.3,62,3,1,3.7,0.43,20,95,50,19.8,0.9,9.19,0.66,2.58,19.2,0,42,1,0,1
0.31,65,5.3,1,6.3,0.47,40,89,67,30.2,1.2,8.39,0.56,2.64,24.2,27,75,0,0,1
0.31,68,4.7,1,4.2,0.47,45,91,58,19.3,0.9,9.09,0.59,2.24,17.7,0,26,1,0,1
0.25,76,3.8,1,3.8,0.37,15,74,20,18.7,0.8,8.25,0.42,2.41,15.8,0,19,0,0,1
0.38,84,11.5,1,5.5,0.43,45,117,23,23.8,1,8.77,0.65,2.39,22.5,23,41,1,0,1
0.3,64,6.8,1,6.3,0.5,45,75,77,21.5,1.2,8.37,0.6,2.53,20.8,25,63,1,0,1
0.3,72,7.8,1,3.8,0.53,35,94,55,19,1,8.45,0.65,2.71,20.8,40,52,0,0,1
0.33,63,7.2,1,7.2,0.4,40,95,60,23,1.1,9.24,0.59,2.46,23.2,27,44,0,0,1
0.31,79,5.5,1,5.2,0.3,55,79,40,14.8,0.7,8.8,0.61,2.44,17,0,21,1,1,1
0.31,72,6.2,1,6.7,0.5,55,81,47,26.8,1.1,8.79,0.66,2.52,22.8,23,60,0,1,1
0.3,70,3,1,4.8,0.5,45,75,52,16.2,0.8,8.85,0.6,2.44,20.3,0,27,1,0,1
0.28,65,0,1,1.8,0.43,20,69,33,15,0.8,8.65,0.59,2.24,15.2,0,18,1,0,1
0.3,75,8.3,1,6.5,0.53,40,84,48,22.8,1.1,8.72,0.62,2.38,22,30,44,0,1,1
0.3,89,5.3,1,7,0.47,45,86,78,22.3,1,8.16,0.62,2.54,22.2,30,48,1,0,1
0.3,71,0.7,1,4.7,0.5,40,73,47,18,0.7,8.85,0.6,2.44,17,30,29,1,0,1
0.28,74,5.7,1,5.8,0.43,35,92,68,23.7,0.8,8.56,0.62,2.39,21.3,23,34,1,0,1
0.35,70,8.3,1,3.7,0.37,50,87,47,14.2,0.8,8.98,0.55,2.26,18.3,0,31,1,0,1
0.3,72,2.5,1,4.7,0.37,50,65,43,11.2,0.9,8.85,0.6,2.44,16.2,0,18,1,0,1
0.35,63,5.5,1,4.5,0.47,35,85,70,17.2,0.7,8.75,0.66,2.56,16.2,0,41,0,0,1
0.3,62,2.2,1,7.2,0.43,40,78,67,19.5,0.8,8.74,0.67,2.46,18.8,0,27,1,0,1
0.3,66,3,1,7.3,0.53,50,70,43,18.3,0.9,8.76,0.68,2.71,24.3,33,42,0,0,1
0.3,73,6.7,1,5.3,0.43,30,87,62,21.3,0.9,9.02,0.61,2.46,19,23,35,1,0,1
0.37,88,6.5,1,5.8,0.33,50,66,37,19.8,1,8.54,0.54,2.34,22.2,0,30,1,0,1
0.31,70,5,1,4.5,0.43,35,89,42,18.8,0.6,8.85,0.6,2.44,17.5,0,14,1,0,1
0.34,64,6,0,5,0.47,40,85,70,17.3,0.8,8.85,0.6,2.44,18,23,27,1,0,1
0.3,63,6,0,5.3,0.5,40,85,45,18.2,1,9.22,0.7,2.54,20.5,28,48,1,0,1
0.31,72,6.8,1,4.3,0.5,45,86,47,19.3,1,9.45,0.6,2.5,19.3,20,40,1,1,1
0.31,85,6.7,1,5.7,0.43,40,89,68,19.7,0.8,8.46,0.54,2.43,23.3,22,36,0,0,1
0.25,68,3.3,1,7.7,0.43,60,86,68,23.5,1.1,8.91,0.56,2.59,24.7,17,52,1,0,1
0.28,69,4.2,1,5.7,0.37,55,88,75,21.7,0.9,9.01,0.61,2.44,19.3,0,34,1,0,1
0.32,76,6.7,1,4.8,0.5,50,81,52,20.8,0.9,9.59,0.65,2.38,21,28,39,1,0,1
0.32,70,3.5,1,4.7,0.4,35,82,33,17.5,0.9,8.85,0.6,2.44,18.8,0,28,1,0,0
0.33,65,6.8,1,6.2,0.43,35,96,42,19.3,1,8.98,0.64,2.33,22,0,34,0,1,1
0.31,68,3.3,1,5.2,0.53,50,91,77,26,0.9,8.56,0.57,2.42,20.3,22,46,1,1,1
0.33,73,6.5,1,8.5,0.5,60,75,70,23.2,1.1,8.21,0.58,2.54,21.7,22,57,1,0,1
0.28,88,7.5,1,6,0.47,40,90,53,21.2,1,8.85,0.65,2.61,19.8,0,37,0,1,1
0.25,73,2.8,0,5,0.47,50,63,43,21.2,1.2,9.35,0.62,2.65,16.7,0,43,1,1,1
0.35,79,7.3,1,7.3,0.4,25,82,37,20.3,0.9,8.77,0.58,2.42,19.3,0,30,1,0,1
0.3,87,5,0,6.3,0.43,40,91,80,26,1.1,9.02,0.65,2.56,23.7,28,60,1,0,1
0.33,70,4.3,1,4.2,0.43,30,82,43,19.5,0.9,9.24,0.6,2.81,16.8,0,33,0,1,1
0.28,73,4.3,1,4.2,0.47,45,96,63,20.5,0.9,8.6,0.53,2.38,17.5,25,40,1,1,0
0.3,66,3.8,1,4.7,0.4,25,91,38,20.7,0.8,9.45,0.67,2.55,20.5,28,35,1,0,0
0.25,81,5.8,1,3.8,0.37,30,76,32,14,0.7,8.21,0.58,2.35,14.7,0,21,1,1,1
0.31,69,6,1,4.8,0.43,50,97,67,26.2,1.1,8.16,0.6,2.47,19,27,60,0,0,1
0.34,73,6.3,1,4,0.4,35,94,55,18,0.9,8.85,0.6,2.44,21.7,0,27,1,0,1
0.23,65,5.7,1,4.3,0.47,50,95,87,23,1.2,8.05,0.59,2.42,21.7,27,60,1,0,0
0.31,63,5.5,1,7.2,0.43,35,89,53,23.3,0.8,8.68,0.55,2.44,18.8,15,33,0,0,1
0.33,105,4.2,1,6.5,0.43,60,88,68,27.2,0.9,8.75,0.61,2.6,24.7,27,51,1,0,1
0.28,69,8.2,1,4.8,0.4,45,97,88,16.7,0.9,8.85,0.6,2.44,16.7,0,19,1,0,1
0.34,66,3.8,1,7.5,0.47,50,82,62,21,0.8,8.38,0.58,2.37,20.5,0,29,1,1,1
0.3,63,11.2,1,6.5,0.5,30,104,48,20.8,1,8.71,0.64,2.75,23.7,30,41,1,1,0
0.31,79,6.7,1,7.3,0.33,30,91,60,17.7,0.9,8.86,0.61,2.4,22.3,0,36,1,0,1
0.4,97,8.7,1,5.7,0.37,35,87,52,16.2,0.8,9.02,0.6,2.12,21.7,32,35,0,0,1
0.3,71,3.5,1,4.2,0.43,40,76,75,17.3,0.9,8.6,0.66,2.49,20.2,0,32,1,1,0
0.31,70,4.3,1,6.3,0.43,40,73,43,22.8,0.9,9.25,0.74,2.5,20.8,27,36,0,1,1
0.3,68,6.8,1,5.3,0.5,40,91,48,23.2,1,9.17,0.67,2.48,21.2,27,53,1,0,1
0.27,73,5.5,1,4.7,0.4,55,94,68,22.2,1,8.72,0.6,2.45,21.5,30,46,1,1,1
0.23,78,2.7,1,3.8,0.47,40,72,67,15.3,0.8,8.36,0.56,2.44,16.3,0,26,1,0,1
0.32,73,3.8,1,7.5,0.5,50,94,63,20,0.9,8.25,0.56,2.36,23.7,28,46,1,0,1
0.31,76,5.5,1,8.2,0.47,50,95,67,26.2,1.1,8.33,0.61,2.53,25.8,0,52,0,1,1
0.33,79,7.2,1,6.8,0.43,50,85,63,17.7,0.9,9.64,0.61,2.36,19,30,34,1,1,1
0.31,62,5.5,1,3.8,0.33,45,87,58,23.7,1.1,8.74,0.59,2.22,18.2,0,29,1,0,0
0.27,64,7.8,1,6.8,0.5,50,96,35,23.7,0.8,8.52,0.6,2.51,21.2,17,43,1,1,1
0.34,85,7.2,1,5,0.4,30,90,60,23.2,0.9,9.08,0.59,2.18,18.2,30,29,1,0,0
0.33,64,7.8,1,6.3,0.4,55,91,58,21.3,0.8,8.62,0.67,2.29,25.7,35,52,0,0,1
0.32,103,5.8,1,6.8,0.43,50,102,85,26.3,0.9,8.95,0.61,2.32,27.2,42,44,1,0,1
0.35,77,7.7,1,8,0.43,50,95,53,17,0.9,8.99,0.68,2.59,23.5,28,30,0,0,1
0.31,89,7.2,1,5.8,0.5,50,105,63,26.3,1,8.94,0.56,2.36,22.2,27,44,1,0,1
0.28,79,3.3,1,4.2,0.4,30,75,52,16.8,0.9,9.89,0.68,2.47,19,0,35,0,0,1
0.3,73,5.3,1,6.2,0.47,40,85,55,15,0.7,8.98,0.54,2.61,18,0,26,1,1,1
0.32,82,5,1,2,0.5,55,95,65,17,0.7,8.98,0.59,2.32,21.8,0,28,1,0,0
0.26,74,2.5,1,6,0.43,40,66,60,15.3,0.9,8.73,0.67,2.79,19.3,25,39,1,0,1
0.3,84,6.5,1,5.3,0.37,35,81,58,19.3,1.1,8.92,0.59,2.59,20.3,28,36,1,0,1
0.32,63,5,1,4.8,0.47,50,89,32,18.2,1,9.48,0.63,2.44,20.3,35,45,1,0,1
0.32,80,9,1,4.2,0.37,35,98,52,23.2,0.8,8.9,0.55,2.24,17.5,0,25,1,0,1
0.3,79,4.5,1,2.3,0.43,50,90,73,16.3,0.9,8.72,0.58,2.7,20.5,25,46,1,0,0
0.32,73,1.5,1,5.8,0.43,50,83,53,22.3,0.9,8.56,0.58,2.57,25.2,32,61,1,0,1
0.3,72,0,1,4.2,0.4,50,64,30,16.8,0.8,8.67,0.61,2.64,16,0,20,1,0,1
0.28,74,5.7,1,8.3,0.47,50,88,65,21.8,0.6,8,0.5,2.23,21,20,35,1,0,1
0.27,63,4,1,1.5,0.47,50,77,63,16.8,1,8.75,0.67,2.66,20.2,27,36,1,0,0
0.3,65,3,1,6.3,0.4,45,72,60,22.2,0.9,8.72,0.63,2.73,21.3,0,55,1,0,1
0.32,78,4.2,1,5.8,0.53,45,85,58,22.2,0.9,9.02,0.64,2.72,19.3,12,33,1,0,1
0.3,72,4.3,1,5.2,0.53,60,81,73,18.5,0.9,9.12,0.66,2.43,18.2,0,32,1,0,1
0.25,72,2.2,1,4.7,0.5,45,93,58,19.8,0.8,9.06,0.58,2.38,16.8,30,27,0,0,0
0.33,64,4.7,1,5.8,0.43,40,86,82,17,0.9,9.77,0.59,2.49,19.2,25,33,1,0,1
0.32,70,4.8,1,7.3,0.37,45,83,58,22.2,0.9,8.52,0.57,2.35,20.2,0,40,0,0,1
0.34,71,5.7,1,6,0.47,50,93,57,20.5,0.8,8.79,0.57,2.24,20.3,25,39,1,0,1
0.25,78,3,1,5,0.5,50,79,47,18.5,1,8.87,0.7,2.57,19.2,0,35,1,0,0
0.33,73,4.8,1,6,0.4,55,77,60,18.7,0.8,9.41,0.6,2.37,20.7,30,35,0,0,1
0.26,76,0,1,6.3,0.57,25,76,30,17.7,0.8,9.15,0.65,2.62,17.7,0,30,0,1,1
0.3,65,0,1,6.5,0.5,45,71,32,20.2,1,8.6,0.65,2.67,24,0,53,0,0,1
0.28,82,5.3,1,7,0.5,45,87,53,19.7,1,8.66,0.61,2.7,22.3,30,51,0,1,1
0.31,67,4.5,1,4.8,0.37,25,81,75,15.2,0.8,9.16,0.57,2.57,17.3,0,25,1,1,1
0.31,77,7.5,1,4.5,0.37,50,94,55,21,0.9,8.11,0.5,2.33,22.7,33,42,1,0,1
0.31,70,4.3,1,3.8,0.5,30,69,45,13.7,0.8,8.86,0.56,2.32,14.5,0,30,1,1,1
0.35,91,3.7,1,3.3,0.4,45,74,48,20.5,0.7,9.02,0.51,2.22,21.3,0,36,1,1,1
0.34,73,3.8,1,4,0.47,45,82,57,21.5,1.1,8.17,0.56,2.45,22,30,45,1,0,1
0.32,76,5.2,1,6.3,0.43,30,91,28,25,0.9,9.19,0.59,2.42,21.2,0,21,0,0,1
0.35,79,5,1,5.7,0.5,50,72,65,22,1,8.72,0.67,2.57,20.8,33,36,1,0,1
0.28,79,1.8,1,5.7,0.53,50,77,68,24.3,1,8.49,0.64,2.59,22.3,30,63,1,0,1
0.28,74,4.3,1,7.2,0.47,50,83,38,22.5,1.4,9.23,0.71,2.7,23.5,25,40,1,0,1
0.35,85,4.3,1,5.8,0.47,50,69,63,15,0.7,9.53,0.67,2.56,21,0,28,1,0,1
0.3,80,7.5,1,6.3,0.43,45,85,50,17.5,0.9,9.69,0.63,2.71,23.5,18,38,1,1,1
0.31,82,5.8,1,6.8,0.5,50,79,40,23.3,1,8.39,0.58,2.56,22.7,27,51,1,1,1
0.28,70,3.7,1,7.2,0.4,55,77,22,30.2,1.2,8.4,0.61,2.76,17.8,0,35,1,0,0
0.34,68,3.7,1,6.7,0.5,50,73,62,20.7,0.8,8.93,0.61,2.5,24.3,23,42,0,0,1
0.37,70,5.7,1,5.3,0.5,60,85,50,17.8,0.9,8.94,0.54,2.49,19.7,0,44,0,1,1
0.3,76,4.7,1,5.7,0.43,35,80,52,18.3,0.9,8.8,0.61,2.43,20,25,59,1,0,1
0.38,72,2.2,1,6.2,0.43,45,77,42,23.8,0.8,8.67,0.51,2.12,19.8,0,25,1,0,1
0.3,84,5,1,5.2,0.47,50,92,42,19.8,0.9,9.43,0.56,2.45,20.5,27,35,1,1,1
0.4,103,6,1,5.2,0.47,45,71,40,21.2,0.8,8.85,0.6,2.44,22.8,15,36,1,0,1
0.3,74,7.8,1,4,0.5,25,95,55,17.3,0.8,8.65,0.57,2.3,16.7,0,35,1,0,1
0.28,74,5.3,1,4,0.5,50,87,62,18.8,0.9,9.37,0.62,2.44,19.8,38,38,1,0,0
0.35,65,3.7,1,5.7,0.4,30,87,42,22.7,0.9,9.32,0.64,2.5,19.3,0,24,0,0,1
0.36,81,5.2,1,6.7,0.33,45,86,60,17.5,0.8,8.49,0.65,2.66,19,27,31,1,0,1
0.25,64,3.5,0,4.8,0.5,50,62,50,17.2,1,8.61,0.66,2.64,18.7,0,43,1,0,1
0.35,73,5.8,1,6,0.47,60,77,47,13,0.8,9.27,0.6,2.35,21,35,31,1,0,1
0.25,68,3,1,3.8,0.53,50,83,65,19.7,1.1,8.68,0.53,2.44,21.2,32,61,0,0,0
0.25,83,3.8,1,5.5,0.43,40,64,68,19.3,1,8.97,0.61,2.65,18.5,0,23,1,0,1
0.35,72,5,1,3.3,0.57,60,89,80,23.3,0.8,9.5,0.55,2.22,18.8,27,35,1,0,1
0.3,75,1,1,4.5,0.4,45,70,57,12.5,0.7,9.08,0.58,2.33,20,33,38,1,0,1
0.25,69,8,1,6.3,0.47,40,84,48,24.7,1,8.91,0.69,2.76,21.8,32,48,1,1,1
0.3,86,9.2,1,6.3,0.47,45,89,60,25.7,1.1,8.85,0.62,2.34,27.5,38,41,1,0,1
0.25,66,4.2,1,3.2,0.5,60,66,68,17.3,0.7,8.59,0.55,2.45,14.3,0,25,1,1,1
0.27,63,0.7,1,5.3,0.5,60,57,18,15.7,1,7.92,0.55,2.56,17.7,0,46,1,0,1
0.27,73,1.2,1,0.8,0.53,50,61,50,20.7,1.1,9.33,0.62,2.65,18.3,0,55,1,0,0
0.33,86,8.7,1,4,0.47,50,72,63,22.7,1,8.94,0.59,2.41,22.7,28,50,1,0,1
0.45,98,5.5,1,5.3,0.5,45,67,60,23.8,0.8,8.93,0.59,2.42,22.7,28,34,1,0,1
0.3,77,2,1,5.2,0.43,50,68,67,19.3,0.8,8.86,0.59,2.43,20.3,0,36,1,0,0
0.3,70,0,1,5.5,0.57,30,65,62,21.3,0.9,8.89,0.66,2.31,20.7,0,37,1,0,1
0.32,79,4.3,1,3.5,0.4,45,65,63,19.5,0.9,8.95,0.59,2.35,19.7,0,26,1,1,1
0.32,107,2.7,1,4.3,0.5,50,84,63,19.8,0.8,9.28,0.63,2.45,22.7,22,38,1,0,1
0.31,72,2,1,4.8,0.53,40,69,62,20.2,0.7,8.41,0.57,2.36,21.8,22,37,1,1,1
0.28,79,0,1,2.2,0.6,50,55,77,15,0.8,8.85,0.62,2.28,16.3,0,46,1,0,0
0.2,83,0,1,4.8,0.47,60,64,67,27,1.1,9.37,0.62,2.3,20.7,0,46,1,0,1
0.28,78,0.8,1,6,0.33,65,48,60,23.2,0.8,9.26,0.64,2.38,19.5,0,30,1,1,1
0.28,70,0,0,3.5,0.43,50,50,55,18.3,0.7,8.7,0.63,2.23,13.7,0,24,1,1,1
0.3,73,0,1,2.7,0.57,50,70,52,21.7,0.8,8.41,0.53,2.34,21,20,52,1,0,0
0.3,73,0,1,4.7,0.53,60,64,47,23.5,1.1,8.97,0.61,2.43,21.7,42,63,1,0,1
0.21,70,0,1,1.3,0.43,30,48,57,18.2,1,8.85,0.6,2.44,12.7,0,30,1,0,1
0.28,70,0,0,4.7,0.37,35,55,30,13.5,0.6,8.59,0.58,2.53,13.2,0,32,1,0,1
0.3,70,0,1,3.7,0.37,60,59,97,16.8,1,8.85,0.6,2.44,17.5,22,31,1,0,1
0.28,72,0,1,5.7,0.57,60,71,63,23.3,1,8.81,0.53,2.49,20.7,0,44,1,1,1
0.3,66,0,1,4,0.53,45,60,50,18.7,0.9,9.13,0.64,2.49,15,0,33,1,0,1
0.28,87,3.2,1,4.5,0.53,50,96,33,21.3,0.9,8.85,0.6,2.44,24.3,23,51,1,0,1
0.28,73,1,1,1,0.47,40,63,63,22.2,1.1,8.45,0.59,2.41,16.8,0,60,1,0,1
0.37,87,4.5,1,4.7,0.43,50,83,65,22.2,1,8.59,0.6,2.49,18.8,0,31,1,1,0
0.32,98,1.3,1,3.8,0.67,50,76,57,31,1.1,9.11,0.54,2.03,23,37,48,1,0,0
0.23,81,0.7,1,4.2,0.33,30,46,58,18.3,0.9,8.79,0.62,2.17,16.2,0,33,1,0,1
0.3,77,0,1,6.2,0.5,40,65,58,19.2,0.9,9.46,0.66,2.39,20.2,35,33,1,0,1
0.31,82,5.5,1,2.7,0.57,50,72,75,23,0.8,8.53,0.52,2.12,17,0,29,1,0,1
0.3,88,0,1,4.7,0.53,50,61,68,24.3,1.1,7.92,0.52,2.39,21.7,0,53,1,0,1
0.3,88,0,1,4.2,0.5,55,61,65,21.8,0.8,8.24,0.48,2.34,20.3,0,40,1,0,1
0.3,82,1.7,1,2.7,0.5,40,61,55,19.8,0.7,8.59,0.62,2.56,20,0,33,1,0,1
0.33,91,0,1,4.2,0.5,35,51,38,20.5,0.9,8.42,0.54,2.49,16,10,23,1,1,0
0.28,82,0,1,2.7,0.5,60,59,55,21.3,0.9,9.04,0.64,2.56,19.7,0,42,1,0,1
0.4,73,1.8,1,3.5,0.53,50,57,68,15.3,0.7,8.58,0.52,2.31,18,0,30,1,0,1
0.2,69,0,1,4.3,0.33,50,54,65,18.7,0.8,8.79,0.68,2.63,17.5,0,26,1,0,1
0.37,78,0.7,1,5.2,0.5,45,54,53,20.3,0.7,9.29,0.58,2.43,18.3,0,30,1,0,1
0.3,75,0,1,3.3,0.43,40,63,60,20.8,1,8.62,0.55,2.22,19.3,25,39,1,0,1
0.3,73,4.3,1,4,0.43,60,65,58,25.2,0.8,8.7,0.6,2.34,18.7,0,38,1,0,1
0.26,86,0,1,2.8,0.37,45,61,60,17.7,0.9,8.85,0.6,2.44,18.7,23,46,1,0,1
0.27,72,3.5,0,5.3,0.47,50,58,57,17.3,0.7,9.33,0.54,2.63,15.3,0,18,1,1,1
0.3,80,0,1,1.3,0.5,50,61,53,17.8,0.7,9.13,0.59,2.39,12.8,0,40,1,0,0
0.25,77,3.5,1,3,0.63,50,67,58,23.8,1,9.13,0.57,2.21,19.3,0,42,1,0,1
0.31,77,2,1,2.3,0.5,45,52,47,17.5,0.7,9.16,0.53,2.26,17.5,0,36,1,0,0
0.33,82,4.7,1,3.2,0.5,50,60,47,21,0.9,8.44,0.49,2.13,20.3,0,32,1,0,1
0.25,83,0,0,1.7,0.47,50,54,52,19.7,0.9,8.35,0.58,2.44,15,0,45,1,1,1
0.25,70,0,1,4,0.53,30,65,45,21.5,1.1,8.84,0.59,2.45,19.7,0,61,1,0,1
0.4,74,4.8,1,6.8,0.53,30,72,57,23.3,1,9.17,0.65,2.36,21,25,44,1,0,1
0.2,73,0,1,4.5,0.4,50,58,73,26.8,1.1,8.02,0.59,2.66,21.3,28,57,1,0,1
0.31,81,4.2,1,3.2,0.5,50,72,62,24.7,1,8.5,0.58,2.38,19.8,0,57,1,0,1
0.3,81,1.7,1,5.2,0.5,50,59,80,20.8,1.1,8.98,0.61,2.29,16,0,36,1,0,1
0.32,73,0,1,5.5,0.7,60,81,67,19,0.9,9.01,0.58,2.27,24,37,42,1,0,1
0.25,70,0,1,4,0.57,35,65,52,23,1,8.05,0.42,2.34,20,0,75,1,1,1
0.3,76,0,0,3,0.43,30,48,43,15,0.7,8.85,0.6,2.44,15.8,0,40,1,1,1
0.31,78,2.3,1,1,0.5,40,61,57,18.7,0.9,8.43,0.53,2.24,15.7,0,43,1,0,1
0.27,76,0,1,4.7,0.57,50,59,73,20,1.1,8.23,0.56,2.47,20.2,0,57,1,1,1
0.24,71,0,1,2.8,0.43,50,48,45,10.3,0.6,9.27,0.45,2.61,17,0,17,1,0,1
0.28,68,0,1,1,0.33,35,63,43,18.3,0.9,9.51,0.55,2.39,13.3,0,40,1,1,0
0.31,103,7.2,1,4,0.63,70,89,85,31.8,1,9.08,0.57,2.38,22,17,55,1,0,0
0.4,91,4.2,1,5.8,0.43,35,85,62,23.2,0.8,9.69,0.62,2.51,22.2,27,32,1,0,1
0.31,93,0,0,3.3,0.53,50,68,55,19,0.8,9.35,0.67,2.58,20,0,35,1,0,0
0.3,69,3.8,1,4.2,0.43,50,65,75,17.8,1,8.7,0.55,2.73,19,0,44,1,0,1
0.3,70,0,1,5.2,0.43,50,76,67,29,1.1,9.13,0.53,2.27,23.7,30,53,1,0,1
0.25,72,1.7,1,3.3,0.33,50,50,55,18.7,0.7,8.11,0.56,2.45,14.7,0,37,1,0,1
0.3,77,0,1,4.2,0.53,45,50,27,16.7,0.9,8.85,0.6,2.44,14.3,0,28,1,0,1
0.37,92,4,1,6,0.63,55,47,45,22,0.8,8.97,0.58,2.54,22,13,47,1,0,1
0.3,89,0,1,2.5,0.47,45,67,50,21.7,1,9.07,0.56,2.46,20.3,25,41,1,0,0
0.28,73,0,1,2.5,0.47,60,62,63,25.5,0.9,8.79,0.56,2.3,19.8,37,56,1,0,1
0.28,71,0,1,3.5,0.47,35,67,52,19,0.8,8.85,0.6,2.44,15.3,0,32,1,0,1
0.18,69,0.5,1,3.5,0.5,55,61,52,22.8,1.1,8.25,0.58,2.26,17.8,0,57,1,0,1
0.3,71,0,1,2.2,0.43,45,66,63,25,1.1,8.78,0.62,2.42,21.5,35,53,1,0,0
0.32,108,7.5,1,6,0.5,55,97,82,28.7,0.8,8.19,0.53,2.31,27.5,45,37,1,0,1
0.22,69,0,1,2.7,0.43,30,53,38,19.3,1.1,9.84,0.69,2.39,18,0,38,1,1,0
0.3,71,3.2,1,3.3,0.5,45,54,55,17,0.7,8.8,0.57,2.5,16,0,38,1,0,0
0.27,77,0,1,1.3,0.4,50,59,58,22,1.2,8.79,0.55,2.44,17.2,0,63,1,0,0
0.24,68,0,1,4.5,0.57,50,56,55,19.3,1,9.04,0.65,2.58,17.7,40,45,1,0,1
0.33,105,2.3,1,3.5,0.5,60,69,80,21.3,0.9,8.52,0.59,2.3,20.7,15,42,1,0,1
0.39,69,5.8,1,5.8,0.43,40,63,62,18.3,1,8.83,0.68,2.57,15.7,0,26,1,0,1
0.4,76,8.8,1,4.3,0.47,50,76,87,18,0.9,8.61,0.53,2.36,19,23,41,1,0,1
0.22,68,0,1,2.5,0.53,50,55,63,21.3,0.8,8.99,0.63,2.53,17.7,30,51,1,0,1
0.3,99,4.5,1,6.2,0.47,40,61,43,19.5,0.9,8.81,0.61,2.33,17,0,25,1,0,1
0.3,78,0,1,5,0.5,40,53,28,14,0.7,9.64,0.56,2.09,16.7,0,23,1,0,1
0.2,67,0,1,3.5,0.43,20,55,60,15.7,1.1,8.6,0.65,2.45,15.7,0,42,1,0,1
0.31,67,11,1,5.7,0.53,40,82,45,25.7,1,8.8,0.59,2.46,23,22,65,1,0,1
0.21,67,0.5,1,3.5,0.4,40,55,55,24.3,0.9,8.6,0.62,2.65,18.2,0,37,1,0,0
0.28,103,1,1,5.8,0.43,0,62,32,18.7,0.9,8.72,0.54,2.3,19.3,0,29,1,0,1
0.2,68,0,1,1.8,0.47,45,59,55,14,0.8,9.1,0.66,2.33,17.3,0,45,1,0,0
0.28,74,0,1,3.3,0.53,60,74,72,27,1.2,8.94,0.65,2.23,22.7,45,77,1,0,1
0.28,76,0,1,5.7,0.5,50,60,70,22,1.1,8.4,0.57,2.57,19.8,40,50,1,0,1
0.21,81,0,1,1.7,0.47,60,60,58,25.7,0.8,8.6,0.64,2.11,18.8,0,40,1,0,0
0.3,81,0,1,4.3,0.5,60,64,57,19.5,0.7,8.82,0.54,2.42,20.7,40,33,1,0,1
0.28,74,0,1,2.2,0.4,65,69,60,19.7,1,9.17,0.58,2.26,18.7,40,45,1,1,1
0.3,92,1.7,1,3.3,0.47,40,52,58,12.7,0.8,9.01,0.52,2.3,13.8,0,27,1,0,1
0.31,76,0,1,5.8,0.47,50,73,72,23,0.8,9.01,0.6,2.42,23,40,60,1,1,1
0.2,86,0,1,2.8,0.43,45,52,50,22,0.8,7.57,0.55,2.48,17.5,0,35,1,0,0
0.24,81,0,1,2.7,0.57,60,75,65,32.7,1.1,8.04,0.51,2.26,23.3,38,69,1,0,0
0.4,99,3,1,6.2,0.5,45,78,38,24.3,0.8,8.67,0.61,2.68,19.8,25,41,1,0,1
0.3,78,0,0,3.5,0.53,45,49,73,15.8,0.8,9.21,0.57,2.42,17.2,0,33,1,0,0
0.4,76,2.3,1,5.2,0.57,50,62,52,19.3,0.9,8.93,0.59,2.42,17.7,0,30,1,0,1
0.3,67,2.8,1,5,0.5,45,69,47,19.3,0.9,8.68,0.59,2.29,19,38,37,1,1,1
0.3,65,5.3,1,2.7,0.47,55,85,92,24.8,0.8,8.97,0.56,2.26,21,42,46,1,1,1
0.23,89,2.2,1,3.8,0.4,40,56,47,21,1,8.46,0.49,2.46,16.5,0,31,1,0,1
0.28,68,0,1,3.3,0.43,20,48,52,17.3,0.8,9.14,0.66,2.67,13.3,0,25,1,0,0
0.38,83,0,1,3.2,0.67,45,54,70,16.8,0.6,8.85,0.6,2.44,16.2,0,21,1,0,1
0.2,65,1.8,1,3.8,0.43,30,58,43,16.5,0.9,8.69,0.66,2.51,16.2,0,43,1,0,1
0.2,69,0,1,3.3,0.47,40,73,82,19.7,1,8.45,0.58,2.4,20.2,0,52,1,1,1
0.21,65,0,0,2,0.43,30,50,73,19,0.8,8.62,0.6,2.28,13.3,0,37,1,0,1
0.23,71,1.8,1,3.2,0.4,40,65,73,18.2,0.8,9.32,0.67,2.39,16,22,30,1,1,0
0.2,65,0,1,3,0.43,45,54,77,19.5,0.8,9.06,0.6,2.23,17.7,0,42,1,1,1
0.25,64,3.2,1,2,0.33,40,51,47,15.8,0.9,8.85,0.6,2.44,14.3,0,30,1,0,1
0.23,63,3.3,1,4.8,0.5,60,56,72,23.2,1,8.02,0.61,2.52,19.2,40,46,1,0,1
0.25,69,0,1,3,0.37,50,49,53,15.2,0.9,8.85,0.6,2.44,13.3,0,28,1,0,0
0.22,64,0,1,2,0.43,40,56,57,21.7,0.8,8.36,0.57,2.2,15.8,0,33,1,0,1
0.3,67,0,1,5.7,0.67,40,70,60,29,1,8.95,0.63,2.64,21.2,50,51,1,0,1
0.3,81,2.7,1,5.3,0.43,55,64,27,19.2,0.9,8.96,0.59,2.41,19.7,23,42,1,1,1
0.33,88,3.8,1,3.8,0.4,45,72,40,19.7,0.8,8.82,0.49,2.24,20,27,42,1,0,1
0.3,63,1.8,1,5.3,0.53,50,62,65,27.7,1.1,9.32,0.65,2.29,22.3,53,39,1,0,1
0.31,79,2.2,1,4.8,0.43,45,66,77,19.7,0.9,9.23,0.59,2.44,17.7,22,36,1,1,1
0.3,64,8.2,1,4.8,0.47,30,76,57,19.8,1,8.31,0.53,2.46,19.7,0,52,1,0,1
0.37,72,0,1,5.2,0.43,50,63,62,19.5,0.9,9.12,0.61,2.57,21.7,27,31,1,0,1
0.25,64,1.5,1,3.8,0.47,35,63,53,22.3,0.9,8.68,0.61,2.58,19,0,37,1,1,0
0.3,64,0,1,2.7,0.5,40,61,68,19.2,0.9,8.67,0.56,2.46,17.5,25,41,1,0,0
0.3,64,10,1,5.3,0.5,50,81,75,19,1,8.98,0.59,2.6,21,30,62,1,0,1
0.33,79,8.5,1,6,0.5,65,97,80,25.5,1,9.21,0.68,2.56,25,32,63,1,0,1
0.37,83,7.5,1,3.2,0.53,55,65,40,19.7,0.8,8.54,0.53,2.39,17.5,37,39,1,0,1
0.32,73,9.2,1,6,0.47,50,75,68,19,0.7,8.23,0.56,2.58,16.5,47,27,1,0,1
0.24,61,7,1,6,0.73,45,91,53,22.8,1.1,8.05,0.6,2.66,24,35,67,1,0,1
0.34,62,5.8,0,7.3,0.53,55,77,57,23.3,1.1,8.95,0.66,2.39,23.8,23,47,1,1,1
0.4,99,3.5,1,6.3,0.5,60,78,82,24,0.8,9.18,0.66,2.48,21.8,38,42,0,0,1
0.33,79,9.5,1,4,0.47,45,74,52,18.3,0.8,8.49,0.63,2.17,20.3,32,31,0,0,1
0.3,61,3.2,1,4.8,0.43,50,65,43,17.7,1.1,8.4,0.59,2.55,19.7,30,50,1,0,1
0.38,61,6.8,1,5.3,0.53,60,84,70,18.5,0.9,9.55,0.58,2.36,21.3,35,31,1,1,1
0.31,61,9.2,1,6.7,0.5,60,82,85,24.8,1,8.2,0.57,2.44,21.7,0,62,1,0,1
0.35,79,12,1,4.8,0.5,45,96,47,18.3,1,9.16,0.63,2.4,21.8,33,41,1,1,1
0.43,62,11.2,1,4.8,0.47,45,94,60,21.3,0.8,9.05,0.48,2.27,19.7,0,25,1,1,1
0.3,61,4.7,1,4.8,0.5,55,81,77,22.5,1.1,9.38,0.66,2.55,21,30,58,1,0,0
0.31,61,3.8,1,4.8,0.5,40,72,58,19,0.8,8.86,0.62,2.63,16.5,0,36,1,0,1
0.33,61,2.7,1,4.2,0.5,50,62,60,12.7,1,9.17,0.61,2.26,17,0,29,1,0,1
0.22,72,0,1,3.3,0.5,40,80,93,19.7,0.9,9.37,0.7,2.48,16,0,48,1,1,0
0.41,93,10.7,1,6.8,0.43,40,96,68,22.7,0.8,9.52,0.65,2.34,22.5,0,34,1,0,1
0.31,104,3.8,0,5,0.37,40,63,10,14.2,0.8,8.85,0.6,2.44,18.3,0,34,1,0,1
0.23,62,0.8,1,4.8,0.53,50,60,65,23,1,8.71,0.59,2.49,20.2,0,52,1,1,0
0.31,62,6.2,0,6.2,0.47,35,75,47,18.8,0.8,8.85,0.71,2.89,21.8,0,26,1,0,1
0.31,64,9.5,1,6.7,0.5,30,89,52,19.8,1,8.97,0.59,2.46,23.5,25,40,1,1,1
0.34,62,5.2,1,3.7,0.33,30,80,50,16.8,0.8,9.13,0.55,2.34,17.5,0,22,1,0,1
0.3,75,4.5,0,5.2,0.5,60,93,73,23,1.3,8.93,0.61,2.5,23.7,40,68,1,0,0
0.28,71,0,1,4.7,0.5,25,51,57,18.7,0.8,8.85,0.6,2.44,15.7,0,34,0,0,1
0.3,76,8.7,1,6.2,0.53,55,99,87,23,1.1,9.61,0.64,2.54,23.7,20,42,1,0,0
0.3,70,9.2,0,5,0.47,50,83,40,17.5,0.9,9.27,0.59,2.32,18.2,20,36,0,1,1
0.42,93,7.7,1,4.8,0.5,55,99,57,26.2,0.8,8.84,0.6,2.5,24.7,32,54,1,0,1
0.31,76,6.5,1,6.2,0.53,50,74,63,20.5,1,8.55,0.47,2.3,23.3,38,57,1,0,1
0.4,88,7.2,1,7.8,0.53,45,76,67,21.5,1,9.49,0.61,2.65,26,40,41,1,0,1
0.41,95,8.5,1,4.5,0.47,45,90,77,23.7,0.8,9.29,0.56,2.32,22.7,25,38,1,1,1
0.3,96,5.2,1,5.7,0.43,60,75,47,19.7,1,8.91,0.59,2.62,22.5,37,40,1,0,1
0.33,97,3.7,1,5.8,0.5,45,81,87,26,0.9,8.62,0.6,2.5,22.8,30,48,1,0,1
0.31,78,10.7,1,7.7,0.5,60,88,63,21.3,1,8.64,0.6,2.52,23,30,48,1,0,1
0.4,65,6.3,0,5.5,0.43,45,77,37,19.5,0.8,9.48,0.59,2.44,21,33,32,0,0,1
0.34,108,5.3,1,4.8,0.5,35,83,37,26.5,0.8,8.97,0.5,2.39,26.2,30,57,1,1,1
0.31,65,5.8,1,5,0.37,45,105,63,18.7,0.9,9.09,0.7,2.61,24.5,28,36,1,0,1
0.35,86,9.7,1,4.8,0.5,50,96,65,25.5,1,9.4,0.66,2.6,24.5,37,37,1,0,1
0.31,109,2.3,1,4.3,0.5,25,86,30,21.3,0.9,8.87,0.53,2.12,24.3,23,77,1,0,1
0.28,85,5.7,1,6.3,0.5,50,74,58,21.7,1,8.38,0.63,2.68,20.8,37,49,1,0,1
0.33,79,10.3,1,5.2,0.3,60,78,78,20.5,0.8,8.4,0.47,2.04,18.8,52,33,1,1,1
0.4,67,2.3,1,6.7,0.47,30,75,58,21,0.8,8.96,0.58,2.39,19.3,23,26,1,0,1
0.4,85,8.8,1,7.2,0.43,35,84,58,24.3,1,9.12,0.62,2.28,22.5,0,36,0,0,1
0.31,64,10,1,4.8,0.5,45,110,40,25.3,1.1,8.48,0.61,2.52,26.7,32,73,1,0,1
0.31,64,8.5,1,5.7,0.43,40,104,62,26,1,8.92,0.62,2.55,23.8,25,46,1,1,1
0.34,80,12,1,5.2,0.47,45,103,62,23,1,9.03,0.6,2.28,21.2,0,43,1,0,1
0.25,72,6.3,1,7.3,0.43,40,99,68,25.2,1,8.04,0.58,2.54,25.8,0,49,0,0,1
0.34,72,6.5,1,5,0.53,35,100,40,29,0.9,8,4.73,2.38,19,22,40,1,1,1
0.23,89,8.3,1,3.8,0.4,40,95,68,24.5,0.7,8.24,0.59,2.5,20,30,51,1,0,0
0.4,69,6.8,1,6.8,0.43,40,84,62,22.3,0.9,9.19,0.66,2.55,22.7,27,36,1,0,1
0.24,62,2.8,1,3.7,0.47,50,81,47,21.8,1.2,9.09,0.66,2.44,22.2,27,60,1,0,1
0.35,98,7.3,1,3.7,0.3,40,92,50,18.8,0.7,9.04,0.6,2.31,16.7,37,25,1,1,1
0.35,75,9.5,1,6.7,0.47,45,89,67,25.5,1.2,8.87,0.62,2.31,25,42,53,0,0,1
0.41,70,9.7,1,1.2,0.3,40,84,83,15.8,0.7,8.82,0.56,2.4,18.2,0,25,1,0,1
0.23,63,0,1,6.3,0.53,40,60,37,20.2,0.7,8.17,0.39,2.66,19.2,0,56,1,0,1
0.35,72,9,1,6.3,0.33,45,89,42,15.5,0.7,8.91,0.63,2.48,19.2,22,23,1,1,1
0.3,63,5.8,1,4.8,0.4,40,94,55,23.5,0.8,8.77,0.64,2.35,22,38,50,1,0,1
0.27,65,8.7,0,5.2,0.43,50,86,53,19.5,1,8.78,0.57,2.82,21.8,27,46,1,1,1
0.23,73,7,0,2.3,0.47,35,83,83,22.8,1,9.07,0.55,2.44,16,28,39,1,0,0
0.34,63,9.2,1,6.3,0.5,40,101,85,21.8,0.9,9.36,0.61,2.33,23.8,32,41,1,0,1
0.4,102,6.7,1,4.5,0.43,60,91,65,24,0.8,8.88,0.54,2.37,23,47,39,1,0,1
0.42,85,8,1,5.5,0.37,45,71,82,16.3,0.8,9.19,0.53,2.39,21.3,0,26,0,1,1
0.21,66,2.5,1,4.3,0.5,45,81,40,21.8,0.9,9.11,0.61,2.59,17.2,0,41,1,1,1
0.23,80,2.7,1,2.8,0.4,40,77,80,22,0.8,7.98,0.6,2.4,18,0,35,0,0,0
0.3,98,3.8,1,8.2,0.43,35,79,40,23.5,1.1,8.35,0.6,2.43,24.7,25,51,0,0,1
0.3,80,8.8,1,6.3,0.4,40,72,48,15.8,0.9,9.08,0.71,2.49,17.2,0,30,0,0,1
0.32,101,5.7,1,5.3,0.4,50,82,30,17.7,0.9,8.53,0.6,2.3,20.2,30,30,1,0,1
0.31,87,11.5,1,3.2,0.43,45,85,48,19.5,1.1,8.69,0.66,2.3,18.7,35,29,1,0,1
0.31,75,8.7,1,6.2,0.5,45,90,53,20.7,1,8.38,0.55,2.53,23.3,35,54,0,0,1
0.35,97,6.5,1,6.3,0.47,45,90,37,26.3,1,8.65,0.57,2.29,24,33,46,1,1,1
0.31,124,4.2,1,4.8,0.37,45,87,60,20.7,1,9,0.63,2.24,17.3,0,30,1,0,1
0.27,67,9.3,1,4.3,0.47,50,85,68,20,1,8.42,0.55,2.44,19.8,18,31,1,0,0
0.31,64,5.7,1,7,0.5,25,99,40,27.3,1.1,9.48,0.62,2.29,23,0,87,1,0,1
0.27,64,4,1,5.8,0.37,20,96,37,24.7,1,8.77,0.65,2.38,20.3,17,42,1,0,1
0.31,69,5.2,1,3.7,0.4,40,98,67,20.2,0.9,8.54,0.55,2.25,21.8,17,56,1,0,0
0.38,73,4.7,1,6.3,0.47,30,80,47,13.8,0.8,8.48,0.54,2.4,17,0,21,0,0,1
0.37,89,7,1,4.5,0.4,35,79,48,20.3,0.9,9.39,0.68,2.49,18.5,27,27,1,0,1
0.28,109,3.5,1,3.2,0.43,50,89,87,20,0.9,9.23,0.65,2.28,21.8,40,39,1,0,0
0.28,102,5.3,1,5.8,0.5,45,82,60,20.8,1,8.74,0.67,2.62,20,40,31,1,0,0
0.31,71,4.5,1,4.8,0.47,45,109,50,19.8,0.8,9.04,0.67,2.55,22.3,25,35,1,0,1
0.32,85,10.8,1,9.2,0.47,50,107,73,23.8,1.2,8.75,0.65,2.52,28.3,22,45,0,0,1
0.31,72,5.5,1,5.7,0.43,25,99,47,21.7,0.8,9.24,0.67,2.39,22.2,20,36,0,1,1
0.42,80,10.8,1,6.5,0.47,35,101,75,20.5,0.9,8.64,0.57,2.44,22,0,35,0,0,1
0.33,80,5.7,1,4.2,0.33,50,97,70,18.5,0.7,9.43,0.58,2.33,18.2,25,29,1,0,0
0.32,79,8.7,1,5.7,0.43,55,83,40,19,1,9.54,0.69,2.62,23,30,40,0,0,1
0.26,62,4.5,1,4.8,0.43,40,69,32,20,0.8,8.25,0.66,2.74,20.2,0,42,0,0,1
0.2,64,1.8,1,5.5,0.47,40,84,27,23,0.9,8.47,0.6,2.54,18,0,36,1,0,1
0.31,78,6,1,4.7,0.43,50,99,45,28.7,1,8.85,0.6,2.44,20.7,22,37,0,1,1
0.22,79,4.7,1,2,0.47,30,82,65,17.5,1,8.55,0.55,2.42,17.8,23,38,1,0,1
0.34,70,12.8,1,6.7,0.47,40,97,53,19.2,0.9,9.08,0.53,2.33,22,30,39,1,1,1
0.3,70,3,1,8,0.5,45,104,90,29.5,0.9,9.11,0.69,2.63,22.2,25,38,0,0,1
0.3,83,5.3,1,4.3,0.5,55,101,35,23.8,1,8.75,0.61,2.35,14,0,42,1,0,1
0.4,90,5.8,1,6,0.4,50,83,93,20.5,0.8,8.5,0.57,2.5,24.3,0,40,0,0,1
0.37,71,4.7,1,4.8,0.43,50,69,72,13.3,0.7,8.96,0.6,2.29,19.2,0,22,1,0,1
0.3,82,9,1,5.8,0.47,35,104,53,19.7,1,8.22,0.51,2.46,24.3,38,62,1,1,1
0.31,80,9.2,1,4.8,0.57,50,98,50,20.7,1,8.46,0.56,2.39,27,37,80,1,0,1
0.33,76,5.7,1,7.2,0.43,45,97,62,23.5,1,8.99,0.61,2.43,22.2,32,38,1,0,1
0.31,75,6.8,1,5.2,0.53,65,100,52,25.7,1.2,9.11,0.63,2.47,25.2,28,62,1,0,1
0.32,82,6.3,1,6.3,0.43,40,100,28,29,0.9,8.99,0.62,2.49,24.8,18,35,0,1,1
0.31,95,12.8,1,4.5,0.43,55,103,57,22.3,1,8.43,0.54,2.31,25.2,33,57,1,0,1
0.33,74,3.8,1,7.3,0.5,40,95,57,19.5,0.9,9.56,0.65,2.35,23.7,40,29,1,0,1
0.35,63,3.7,1,5.7,0.47,40,72,53,18.8,0.9,9.38,0.61,2.66,22.5,38,58,1,0,1
