ID,FH,CL,CH,CD,FLA,FLL,FLW,GL,GWE,GWI,PS,PE,PL,SN,ANL,AWL,AWC,SC,SE,BLSC
F001,69,46,40,0.37,48,14,0.9,8.69,0.52,2.56,0,0,13.7,23,0.25,6,1,1,1,0
F002,84,56,50,0.47,62,17.7,0.7,7.7,0.41,2.17,0,3,14.8,41,0.31,3.8,1,1,1,0
F003,86,52,40,0.5,33,21.3,0.8,8.85,0.6,2.44,0,0,15.2,30,0.28,2.8,1,1,1,0
F004,79,60,45,0.57,77,22,1,8.53,0.58,2.36,0,1.7,17.3,46,0.31,4.7,1,1,1,0
F005,78,61,50,0.5,58,20,0.8,8.84,0.61,2.26,25,3.5,18.2,38,0.3,5.3,1,1,1,0
F006,85,70,65,0.53,58,21.7,1.1,8.75,0.6,2.31,30,0.7,20.3,52,0.3,4.7,1,1,1,0
F007,87,69,50,0.57,50,23.3,1.3,8.77,0.52,2.35,33,2.3,21.7,38,0.31,4.8,1,1,1,0
F008,74,65,55,0.53,62,34,1,8.13,0.54,2.39,23,2,20.3,58,0.2,5.8,1,1,1,0
F009,79,76,40,0.53,60,22.7,1,8.78,0.59,2.37,23,1.2,22.7,40,0.3,5.3,1,1,1,0
F010,74,57,45,0.5,48,26.7,1.1,8.7,0.58,2.57,35,1.3,22.3,59,0.32,5.3,1,1,0,0
F011,75,61,55,0.5,65,25.2,0.9,8.67,0.57,2.41,30,1.3,20.7,60,0.3,4.3,1,1,1,0
F012,78,70,50,0.53,88,22,0.9,9.32,0.65,2.36,30,4.2,19,43,0.33,4.5,1,0,1,0
F013,74,79,35,0.53,55,23.7,0.9,9.07,0.6,2.58,0,2.8,20.7,37,0.33,4.2,1,1,1,1
F014,67,64,45,0.5,70,20.7,0.9,8.85,0.6,2.44,0,0,19.5,50,0.3,1.5,1,1,1,0
F015,75,94,30,0.53,77,21.3,0.8,8.43,0.58,2.41,27,3.7,19.2,36,0.28,3.8,1,0,1,1
F016,86,71,50,0.6,58,20.3,1,9.18,0.6,2.46,32,1.8,21.7,36,0.32,5.3,1,1,1,0
F017,85,61,40,0.43,70,22,0.8,9.65,0.66,2.35,0,0,19.3,27,0.25,2.3,1,0,1,0
F018,86,59,35,0.5,63,20.7,0.9,7.97,0.5,2.31,28,2.2,17.7,39,0.31,4.2,1,1,1,0
F019,82,60,60,0.47,60,18.3,0.8,9.09,0.54,2.45,23,1,18,39,0.3,2.3,1,1,1,0
F020,80,64,30,0.53,73,19,0.9,8.51,0.53,2.22,22,1.2,16.7,44,0.28,1.8,1,0,1,0
F021,79,84,40,0.73,58,26.3,1.1,9.33,0.6,2.51,23,0,25,59,0.27,3.5,1,0,0,1
F022,99,44,40,0.4,0,13.8,0.7,8.9,0.49,2.27,0,0,13.5,15,0.25,3,1,1,1,0
F023,77,60,50,0.57,55,23,1,9.14,0.66,2.54,32,2.3,21.8,66,0.32,5.7,1,1,0,1
F024,90,73,45,0.5,38,25.3,0.9,9.23,0.61,2.46,28,3.5,25.3,44,0.31,5.8,1,1,1,0
F025,77,50,40,0.3,62,19,0.9,9.38,0.62,2.36,0,0,15.8,33,0.25,2.2,1,0,1,0
F026,74,66,40,0.5,67,22,1,8.53,0.62,2.49,32,0.7,21,39,0.3,5.7,1,1,1,0
F027,72,60,70,0.4,60,19.5,0.9,8.48,0.56,2.36,33,4.7,19.8,38,0.3,3.7,1,1,1,0
F028,97,59,60,0.53,47,25.3,1,8.09,0.51,2.58,28,0,19.3,43,0.27,5.3,1,1,0,0
F029,76,69,55,0.53,67,27.3,1.1,8.92,0.62,2.47,32,5.5,23.7,61,0.3,4.2,1,1,1,0
F030,70,60,40,0.43,77,22.5,0.8,9.24,0.65,2.38,22,4.5,17,28,0.25,4,1,1,1,0
F031,81,66,50,0.6,78,23.3,1,8.33,0.63,2.85,7,0,21.3,50,0.24,4.3,1,1,1,1
F032,82,69,55,0.5,48,24.3,0.9,8.77,0.55,2.28,27,4.2,19.7,46,0.3,2.7,1,1,1,0
F033,69,67,50,0.47,65,21.3,1,9.13,0.58,2.58,0,3.8,19,33,0.32,5.5,1,1,1,0
F034,70,68,50,0.37,60,19.8,0.9,9.32,0.6,2.59,27,4.3,18.7,41,0.28,3.7,1,1,1,0
F035,88,65,45,0.5,37,28.2,1.1,9.67,0.71,2.78,28,1.3,24,52,0.3,7.2,1,1,1,1
F036,77,64,45,0.53,65,23.3,1.1,9.6,0.7,2.59,18,0.7,20.3,33,0.34,5.5,1,1,1,0
F037,69,65,55,0.43,75,21.2,0.9,9.1,0.62,2.5,0,2,19,35,0.3,3.2,1,1,1,1
F038,81,64,55,0.43,55,21,1,9.49,0.62,2.62,32,2.5,20.7,39,0.33,4.5,1,1,1,0
F039,69,57,45,0.47,57,20,0.9,8.81,0.56,2.55,0,1.5,20.3,47,0.3,4.7,1,1,1,1
F040,86,55,40,0.5,40,16.5,1.1,8.77,0.61,2.45,0,3,16.3,33,0.31,4,1,1,1,0
F041,77,61,45,0.33,90,18,0.7,8.51,0.57,2.4,15,5.7,20.3,32,0.33,3.8,1,1,1,0
F042,77,59,40,0.57,55,21.3,0.9,8.96,0.58,2.44,0,1.3,20,38,0.27,4.7,1,1,1,0
F043,86,68,50,0.5,55,21.7,0.9,9.3,0.55,2.28,0,1,21.8,56,0.28,2,1,1,1,1
F044,77,67,60,0.47,72,26.2,1.2,8.55,0.49,2.35,27,3.8,20.3,62,0.32,3.7,1,1,1,0
F045,73,66,35,0.53,57,24,0.9,8.95,0.63,2.35,20,4.7,19.2,47,0.3,5.5,1,1,1,0
F046,78,68,60,0.53,60,21,0.8,7.96,0.51,2.39,0,0.5,18,46,0.3,4,1,1,1,0
F047,69,57,30,0.4,62,17.7,0.9,9.52,0.67,2.29,0,3,16.7,24,0.31,4.7,1,1,1,0
F048,75,66,40,0.47,53,19.8,0.8,8.85,0.6,2.44,0,1,18.7,32,0.24,3.2,1,1,0,1
F049,84,65,45,0.63,47,19.3,1,9.27,0.61,2.45,25,4.7,18.8,42,0.3,3.5,1,1,1,0
F050,67,64,45,0.5,57,22,0.9,9.1,0.63,2.6,30,1.8,17.5,47,0.25,2.7,1,1,1,0
F051,73,73,55,0.53,67,30.7,1,9.33,0.64,2.55,32,1,25.3,61,0.31,5.7,1,1,1,0
F052,88,67,55,0.5,65,18.3,0.9,8.96,0.55,2.46,32,2.3,17,31,0.31,4.2,1,1,1,0
F053,76,79,50,0.53,53,21,0.8,8.56,0.57,2.4,17,4.5,19.2,38,0.31,3.7,1,0,1,0
F054,69,54,40,0.43,60,20,0.7,8.92,0.55,2.17,0,0,16,25,0.3,3.8,1,1,1,0
F055,70,65,30,0.4,55,23.3,0.9,8.77,0.6,2.39,0,4,20.3,32,0.25,5,1,1,1,0
F056,69,77,45,0.5,65,24.5,0.8,9.37,0.7,2.64,25,0,20,36,0.31,3.7,1,1,0,1
F057,68,73,50,0.5,53,18.3,0.8,9.6,0.67,2.6,0,2.3,19.3,37,0.3,6,1,1,1,0
F058,75,63,45,0.47,73,25.8,1,9.39,0.56,2.35,0,2.5,19.2,46,0.3,4.5,1,1,1,1
F059,68,61,40,0.37,63,18.7,0.9,9.5,0.6,2.26,0,3.2,16,36,0.25,1.8,1,1,1,0
F060,85,70,50,0.67,63,23.7,0.9,9.47,0.58,2.35,30,2.7,23.7,49,0.3,3.7,1,1,1,1
F061,83,77,70,0.6,70,34.2,1.1,8.49,0.59,2.45,33,5.8,23.7,60,0.27,4,1,1,1,1
F062,71,61,45,0.4,88,23,1,8.77,0.62,2.75,0,1.5,21.3,41,0.31,4.8,1,1,1,0
F063,86,67,45,0.57,50,17.5,0.8,9.01,0.62,2.47,0,4,17,35,0.3,2.3,1,0,1,1
F064,69,67,50,0.47,63,22.7,1,8.71,0.59,2.56,35,1.5,21,41,0.3,3.5,1,0,1,0
F065,75,60,50,0.6,60,23.7,1,8.14,0.6,2.32,0,1,18.7,33,0.3,4.3,1,1,1,1
F066,68,63,50,0.53,72,22.8,0.9,8.85,0.65,2.42,0,0,18,49,0.2,1.8,1,0,1,1
F067,69,54,45,0.53,50,24,0.9,7.72,0.46,2.68,0,3,15.8,32,0.3,2.7,1,1,1,0
F068,67,64,50,0.5,38,20,0.7,8.86,0.57,2.35,40,1.8,17.3,39,0.28,2.5,1,1,1,0
F069,78,87,50,0.57,48,23.2,1,8.56,0.64,2.64,28,5.7,25.2,62,0.31,4.3,1,1,1,1
F070,77,63,50,0.47,53,17.3,0.7,8.64,0.56,2.23,0,0,17,31,0.3,5.2,1,1,1,1
F071,69,65,40,0.53,67,25.2,1,8.79,0.54,2.46,0,0,20.3,45,0.28,4.7,1,1,1,0
F072,73,65,50,0.57,40,18.3,0.8,8.54,0.52,2.35,0,1.5,18.8,36,0.3,4.5,1,1,1,0
F073,68,65,60,0.43,47,24.8,0.9,8.72,0.63,2.5,0,0,21.5,46,0.24,4.7,1,1,1,0
F074,84,62,50,0.5,67,23.7,0.8,8.7,0.59,2.26,0,1.5,17.7,35,0.28,4,1,1,1,0
F075,79,66,60,0.5,62,19.5,1,8.43,0.55,2.49,27,0,19.3,45,0.3,4.7,1,1,1,0
F076,88,63,45,0.53,50,20.3,0.9,8.59,0.6,2.39,23,2,17.5,31,0.28,4.2,1,1,0,1
F077,76,51,50,0.47,58,16,0.8,8.65,0.56,2.37,0,0,13.8,33,0.27,3.7,1,1,1,1
F078,75,83,70,0.5,63,20.3,0.8,8.53,0.58,2.47,27,3.2,23.2,44,0.32,3.8,1,1,1,0
F079,102,61,50,0.53,42,20,0.7,8.87,0.61,2.47,20,2.7,17.7,27,0.3,4.5,1,1,1,0
F080,68,71,35,0.63,60,23.3,0.9,8.31,0.66,2.53,0,0,22.3,53,0.3,5.8,1,1,1,0
F081,70,55,40,0.47,10,13.3,0.7,8.85,0.6,2.44,0,0,15.5,30,0.28,3.2,1,1,0,0
F082,91,83,50,0.5,65,23.7,1.1,8.57,0.63,2.49,27,5,23.7,47,0.3,5.8,1,1,1,0
F083,82,62,40,0.4,68,20.7,0.8,8.28,0.52,2.23,0,4,19,35,0.27,5.5,1,0,1,0
F084,67,73,50,0.5,58,23.7,1.1,8.88,0.51,2.43,45,0.5,22.5,43,0.33,5,1,1,1,0
F085,68,64,40,0.43,47,19.7,0.7,9.08,0.64,2.41,0,3.8,19.7,34,0.3,4.3,1,1,1,0
F086,69,66,50,0.5,53,18.3,0.9,8.69,0.63,2.54,23,3.5,20.7,54,0.37,6.3,1,1,1,1
F087,68,73,45,0.53,50,22.8,0.9,9.47,0.64,2.4,32,7.3,21.2,33,0.34,6.3,1,1,1,0
F088,80,64,50,0.5,53,22,0.8,8.71,0.57,2.35,27,1.3,16.3,31,0.3,3,1,1,1,0
F089,82,76,50,0.7,53,22.8,1,9.21,0.64,2.52,12,0,20.3,56,0.24,2.5,1,0,0,1
F090,70,70,35,0.43,62,15.8,0.8,8.49,0.54,2.33,28,4.5,18.3,42,0.31,3.7,1,1,1,0
F091,83,57,50,0.5,58,20.7,0.7,8.72,0.54,2.27,0,1.8,15,34,0.23,4.2,1,1,1,0
F092,88,72,50,0.47,58,16.3,0.7,9,0.64,2.43,0,3.8,20.7,26,0.33,6.3,1,1,1,0
F093,79,66,50,0.63,63,26.7,1.1,8.6,0.62,2.47,27,0,21.2,51,0.3,5.7,1,1,1,0
F094,90,61,50,0.5,63,25.7,0.9,8.5,0.57,2.4,18,0,22.5,35,0.27,5.3,1,1,1,0
F095,71,57,60,0.5,50,24.8,1,8.12,0.59,2.38,0,3.3,17.7,38,0.3,3.2,1,1,1,0
F096,73,59,35,0.57,33,21.7,1,7.76,0.59,2.65,0,0,17.7,59,0.25,3.7,1,1,0,1
F097,87,70,65,0.47,58,22.8,1,8.24,0.58,2.42,25,4.8,21.3,34,0.33,5.7,1,1,1,0
F098,68,67,45,0.47,52,19.7,0.9,8.96,0.6,2.4,0,3.5,18,32,0.33,4.7,1,1,1,0
F099,81,56,45,0.3,83,19.3,0.8,8.85,0.52,2.44,0,0,16.3,29,0.25,2.7,1,1,1,0
F100,76,62,50,0.47,30,24,0.8,9.55,0.57,2.07,0,0,20,35,0.31,4.7,1,1,1,0
F101,71,67,45,0.5,63,23.7,0.9,8.87,0.66,2.45,0,1.7,17.7,51,0.24,3.7,1,1,1,0
F102,81,73,50,0.47,70,21.7,1,8.85,0.6,2.44,17,0,24,51,0.3,3.7,1,1,1,0
F103,68,69,35,0.5,53,19.7,0.8,9.02,0.58,2.35,23,2,18.5,42,0.27,4,1,1,1,1
F104,92,73,70,0.53,57,25.5,1.1,9.05,0.6,2.67,23,0,20.8,53,0.25,6.3,1,1,1,1
F105,81,75,60,0.5,53,27.5,1.1,8.37,0.66,2.42,32,5.2,20.5,53,0.3,2.7,1,0,1,0
F106,74,65,60,0.53,68,17.3,0.6,9.1,0.65,2.43,0,4.2,16.7,28,0.33,4.3,1,1,1,0
F107,77,88,60,0.6,68,30,1,8.8,0.67,2.82,0,4.3,24.8,79,0.3,4.5,1,1,1,0
F108,81,78,35,0.47,100,18.7,0.8,9.3,0.63,2.43,0,2.8,17,38,0.24,3,1,0,1,0
F109,79,61,50,0.43,65,21,0.8,9.21,0.61,2.38,25,1.3,20.3,44,0.3,3.7,1,1,1,0
F110,82,84,50,0.47,57,19.7,0.7,8.65,0.54,2.32,0,10.7,16.3,33,0.38,4.2,1,1,1,0
F111,74,68,50,0.43,60,18.7,0.8,8.46,0.55,2.32,0,5.5,19.3,37,0.3,4.7,1,1,1,1
F112,77,68,45,0.5,47,17.7,0.8,9.09,0.68,2.54,0,0,18.7,34,0.31,5.7,1,1,0,0
F113,74,58,40,0.43,63,18,0.9,9.2,0.64,2.21,0,0,18.8,38,0.3,5,1,0,1,0
F114,74,63,50,0.5,48,21.8,0.8,8.61,0.63,2.39,27,3,17.3,40,0.31,4.5,1,1,1,0
F115,82,54,40,0.3,43,21.7,0.9,8.6,0.58,2.24,0,2.5,17.8,32,0.27,2.8,1,0,1,1
F116,77,71,60,0.47,35,24.3,1.2,8.69,0.62,2.44,28,2.7,21.5,52,0.3,4.7,1,1,1,0
F117,66,61,55,0.47,65,20.3,0.8,8.08,0.56,2.31,33,1.5,16.8,41,0.3,3.5,1,1,1,0
F118,74,61,65,0.4,62,21.8,0.8,8.15,0.47,2.51,17,0,13.5,43,0.3,0.1,1,1,1,0
F119,78,62,50,0.47,70,16,0.7,8.61,0.56,2.35,0,1.5,12.8,25,0.3,2.2,1,0,1,0
F120,81,73,35,0.6,55,23.2,1,8.58,0.55,2.56,27,1.2,21.7,58,0.27,4,1,1,1,1
F121,82,71,45,0.57,70,23.7,0.9,8.96,0.6,2.36,35,0,21,57,0.28,4.3,1,1,1,0
F122,76,67,40,0.47,50,18.7,0.9,8.79,0.54,2.51,0,2,19,39,0.3,4.2,1,1,1,1
F123,68,60,40,0.47,58,14.2,0.8,9.3,0.56,2.24,0,0.3,15.8,32,0.28,2.2,1,1,1,1
F124,93,63,50,0.57,52,21.8,0.9,9.06,0.68,2.86,25,0,21,41,0.29,4.3,1,1,0,0
F125,82,64,50,0.53,73,17.3,0.8,8.46,0.51,2.52,30,1,19.3,48,0.3,3.2,1,1,1,1
F126,70,75,50,0.53,83,19.7,1,9.16,0.61,2.47,30,2,22,46,0.3,3.3,1,0,1,1
F127,75,59,50,0.53,20,23.8,0.9,9.08,0.66,2.47,0,0,18.3,36,0.3,5.2,1,1,0,1
F128,67,65,50,0.6,50,22.7,0.8,8.48,0.57,2.55,23,0,20,47,0.3,4.8,1,0,1,1
F129,65,58,50,0.6,68,22.3,1.2,8.82,0.53,2.46,0,0,16.3,63,0.25,2.7,1,0,1,0
F130,67,61,50,0.5,57,16.7,0.8,8.65,0.58,2.47,0,1,22,37,0.32,5.5,1,1,1,0
F131,72,61,35,0.47,63,17.5,0.6,9.38,0.58,2.39,25,0.3,19.7,28,0.31,5.7,1,1,1,0
F132,79,75,60,0.47,72,19.8,0.9,8.89,0.53,2.46,28,5.8,19,37,0.32,5.7,1,1,1,0
F133,80,65,55,0.47,70,20,0.7,8.38,0.53,2.5,0,6,15.7,23,0.33,3.5,1,1,1,0
F134,75,65,50,0.53,67,20.3,0.9,9.02,0.68,2.84,20,1,18.3,42,0.3,4,1,1,1,0
F135,80,62,50,0.33,60,18.3,0.9,9.36,0.67,2.67,35,3,17.7,28,0.24,3.3,1,0,1,1
F136,67,77,50,0.5,60,17.8,0.9,8.99,0.62,2.46,22,8,17.7,47,0.3,2.7,1,1,1,1
F137,65,77,55,0.5,62,22,0.9,9.06,0.63,2.24,30,5.5,19.7,50,0.3,3.2,1,1,1,0
F138,66,73,50,0.53,63,21.7,1.1,8.96,0.66,2.61,37,4.2,23.3,56,0.28,6,1,1,1,0
F139,82,79,50,0.43,63,16.3,0.8,8.83,0.61,2.58,28,7.5,22.7,30,0.37,5.2,1,1,1,1
F140,74,65,40,0.47,63,16.3,0.8,9.28,0.65,2.54,28,4,19,24,0.35,5.8,1,1,1,0
F141,79,55,50,0.47,23,14.3,0.6,9.34,0.58,2.28,0,0,13.7,19,0.3,2.2,1,0,1,0
F142,73,73,50,0.5,67,22.2,0.8,8.35,0.61,2.53,25,2,23.5,38,0.32,5.3,1,1,1,0
F143,66,80,40,0.5,65,25.7,1,8.12,0.56,2.48,30,2.7,24.3,58,0.3,3,1,1,1,0
F144,86,64,50,0.5,53,22.7,0.9,9.27,0.64,2.55,25,3.5,22,30,0.3,6.3,1,1,1,0
F145,72,66,55,0.43,60,19.3,1,9.02,0.57,2.34,0,1.3,19.3,24,0.32,4,1,1,1,0
F146,71,68,50,0.43,105,26.7,1,8.74,0.57,2.21,0,4.8,19.3,42,0.28,3.7,1,1,1,0
F147,67,65,50,0.47,60,27.5,1.1,8.44,0.58,2.41,0,3.5,20.3,50,0.32,4.3,1,1,1,0
F148,70,58,45,0.53,78,16.7,0.8,8.92,0.52,2.52,10,0,18.8,32,0.31,1.7,1,0,1,0
F149,67,56,30,0.57,60,17,0.8,9.04,0.62,2.6,0,0,16.7,26,0.23,4.8,1,1,1,0
F150,77,71,45,0.57,52,18.7,0.8,8.59,0.62,2.58,0,2.7,19,27,0.4,5.3,1,1,1,1
F151,75,65,40,0.6,77,21.2,0.9,8.08,0.59,2.26,23,6.2,19.3,46,0.27,2.2,1,0,1,0
F152,73,64,40,0.47,68,22.3,0.9,8.44,0.46,2.28,20,1,18.3,43,0.27,4.3,1,1,1,1
F153,67,80,40,0.4,72,21.5,0.9,8.71,0.61,2.36,0,2.7,20.3,28,0.33,6.5,0,1,1,0
F154,67,69,70,0.5,57,23.7,1.1,8.26,0.51,2.16,30,3.7,16,37,0.25,2.5,1,0,1,0
F155,65,59,45,0.5,68,21,0.9,8.85,0.65,2.36,0,0,19.7,41,0.27,5.2,1,1,1,1
F156,65,75,60,0.53,60,27.3,0.9,8.98,0.65,2.36,30,3.8,21.5,51,0.32,5.5,1,1,1,0
F157,64,74,45,0.47,57,23.7,1,9.12,0.69,2.45,20,1.5,20.7,49,0.28,4.8,1,1,1,0
F158,64,61,50,0.5,80,19.5,0.8,8.85,0.6,2.44,0,0,18.8,28,0.31,5.2,1,1,1,0
F159,65,60,45,0.47,40,17.3,0.7,8.63,0.61,2.43,0,3.5,18.7,30,0.33,4.8,1,1,1,0
F160,76,61,50,0.4,58,19.8,0.9,9.28,0.65,2.63,23,2,15.5,26,0.26,4.2,1,1,0,1
F161,65,67,40,0.5,52,23,1.1,8.28,0.56,2.47,0,3.5,16.8,44,0.28,3,1,0,1,0
F162,66,57,45,0.53,70,19.7,0.9,8.81,0.65,2.54,0,0,17.8,40,0.3,4,1,1,1,0
F163,66,60,40,0.37,50,15.7,0.8,8.95,0.64,2.56,0,3.2,17.8,24,0.32,5.3,1,1,1,0
F164,65,63,30,0.5,77,17.3,0.8,8.74,0.49,2.25,0,2.8,17.8,35,0.32,2,1,0,1,0
F165,68,56,30,0.4,68,21.5,0.9,8.37,0.59,2.48,0,3.3,17.7,46,0.28,5.8,1,1,1,0
F166,67,59,45,0.5,75,20.5,1.1,8.61,0.57,2.68,0,1.8,18.8,49,0.3,4.8,1,1,1,0
F167,90,67,50,0.67,65,20.8,0.9,7.81,0.46,2.04,30,3.3,18.5,45,0.31,3.7,1,1,1,1
F168,64,62,30,0.53,73,19.3,0.9,8.35,0.5,2.18,20,1.7,16.5,36,0.31,3.2,1,1,1,0
F169,67,68,40,0.57,53,24.2,0.9,9.03,0.65,2.18,28,4.3,21,39,0.31,5.3,1,1,1,0
F170,66,67,50,0.47,95,24.8,1.2,9.91,0.68,2.36,20,2.5,18.8,39,0.3,2.8,1,0,1,0
F171,65,57,55,0.5,62,16.8,0.9,7.79,0.52,2.19,0,0,18.3,43,0.3,4,1,1,1,0
F172,64,62,50,0.53,45,18.7,1,9.17,0.63,2.38,22,2,16.8,37,0.3,5,1,1,1,0
F173,67,45,30,0.47,67,21.7,0.7,8.69,0.47,2.15,0,0,12.2,26,0.3,1.2,1,0,1,0
F174,66,63,35,0.43,63,20,0.8,8.26,0.55,2.28,18,2.7,19.8,41,0.32,4.7,1,1,1,0
F175,66,66,40,0.43,33,16.5,0.6,9.04,0.64,2.36,22,4.2,17.3,20,0.35,6.8,1,0,1,0
F176,71,72,50,0.4,63,20.2,0.8,9.2,0.66,2.33,18,3.5,21.3,27,0.3,6.2,1,1,1,0
F177,67,63,45,0.53,55,18,0.7,8.93,0.55,2.4,0,1,18.2,37,0.35,3,1,1,1,0
F178,89,70,45,0.53,60,22.5,0.8,9.5,0.67,2.6,13,1.3,19.8,29,0.3,5.7,1,1,1,0
F179,73,71,50,0.53,78,27.7,1.2,9.08,0.61,2.56,0,1.2,21.7,55,0.25,6,1,1,1,1
F180,71,64,40,0.43,57,19.8,0.9,8.81,0.63,2.44,0,2.7,18.7,41,0.3,4.3,1,1,1,0
F181,75,59,45,0.47,60,17.8,0.9,9.1,0.64,2.53,0,0,18.7,24,0.3,6.5,1,1,1,0
F182,65,66,40,0.57,47,22.5,0.9,9.01,0.69,2.55,0,0,19.7,44,0.27,5,1,1,1,0
F183,65,54,40,0.47,67,17.7,0.7,8.87,0.63,2.73,0,2.3,16,35,0.25,3.7,1,0,1,0
F184,84,79,50,0.47,73,20.5,0.9,9.31,0.6,2.19,0,1,21.7,47,0.3,2.7,1,0,1,1
F185,67,75,50,0.5,63,23.8,1.1,9.18,0.65,2.42,20,4.3,20,52,0.3,3.8,1,1,1,1
F186,66,66,45,0.4,47,17,1,8.83,0.58,2.49,0,6.2,17.7,26,0.33,4.7,1,1,1,0
F187,69,77,55,0.43,67,19.3,0.9,9.51,0.72,2.59,0,2.8,19.2,26,0.32,4.8,1,1,1,0
F188,63,68,45,0.53,63,20.3,1,8.87,0.58,2.43,0,3.3,18.3,39,0.33,5.8,0,1,1,0
F189,89,47,30,0.47,47,16.5,0.6,8.76,0.57,2.46,0,0,11.5,22,0.41,4.3,0,1,1,0
F190,86,91,50,0.5,70,26.7,0.9,9.08,0.66,2.63,23,1,26,60,0.25,2.8,1,1,1,0
F191,83,84,55,0.57,78,20,0.9,8.46,0.59,2.45,23,7.7,20.3,41,0.3,3.3,1,0,1,0
F192,83,66,65,0.53,63,21.2,1,8.61,0.57,2.54,18,1.7,20,48,0.24,4.8,1,1,1,0
F193,65,62,60,0.47,47,18.7,0.7,8.92,0.57,2.41,0,0,13.3,29,0.3,0.2,1,0,1,0
F194,104,75,50,0.47,75,15.7,0.9,9,0.6,2.12,18,7,19.7,31,0.31,5.3,1,1,1,0
F195,81,73,40,0.6,57,26.2,1.1,9.14,0.61,2.38,30,6.5,24,59,0.28,5.3,1,1,1,0
F196,65,79,45,0.47,83,19.7,1,9.47,0.67,2.56,0,3.3,21.3,37,0.31,5.2,1,1,1,0
F197,66,73,50,0.43,50,20.8,0.9,8.9,0.62,2.73,0,5.3,20.2,47,0.25,5,1,1,1,0
F198,109,100,30,0.47,53,29.2,0.9,9.24,0.56,2.28,0,7,21.8,30,0.35,3.2,1,1,1,1
F199,64,66,45,0.5,38,19,1.2,9.09,0.6,2.56,22,3.3,16.7,32,0.3,5.2,1,1,1,1
F200,66,77,30,0.53,65,18.3,0.9,8.69,0.6,2.34,0,7.3,18.8,27,0.31,4.7,1,1,1,0
F201,70,73,40,0.5,62,18.3,0,9.2,0.63,2.35,20,2.3,17.7,29,0.28,5.2,1,0,1,0
F202,67,71,55,0.5,78,20.7,0.8,9.08,0.6,2.42,0,1.8,18.3,29,0.3,6.2,0,1,1,1
F203,66,89,45,0.53,57,24.7,1.1,10.28,0.72,2.67,0,0,22.3,29,0.31,5.2,1,1,1,0
F204,74,89,50,0.53,57,28.5,0.9,8.72,0.63,2.74,27,4,17.8,32,0.25,6,1,1,1,1
F205,64,85,55,0.57,67,29.3,1,9.36,0.68,2.56,23,3.2,19.8,33,0.31,3.5,1,1,1,1
F206,72,79,30,0.5,50,22.7,1.2,8.85,0.6,2.44,0,4,19.7,40,0.3,4.8,1,1,1,0
F207,64,92,40,0.5,63,23.8,1,8.88,0.58,2.21,0,7.2,21,37,0.3,5.7,1,1,1,0
F208,67,92,50,0.53,82,21,1,9.2,0.7,2.59,0,7.7,18.7,29,0.29,0.5,1,0,1,1
F209,83,65,40,0.43,27,12.8,0.7,9.52,0.51,2.18,0,4.7,17.7,32,0.31,5.7,0,1,1,0
F210,69,83,80,0.5,82,23.2,1,8.68,0.58,2.39,0,3,23.3,40,0.31,5.3,1,0,1,0
F211,64,63,40,0.5,75,17.3,0.9,8.79,0.58,2.35,0,2.7,15.7,43,0.29,4,0,1,1,0
F212,63,62,40,0.53,57,16.5,0.9,8.8,0.54,2.19,0,6.7,16,31,0.3,2.5,1,1,1,1
F213,61,82,55,0.5,75,18.5,0.8,8.95,0.69,2.67,0,4.3,21.5,42,0.32,4.8,1,1,1,1
F214,63,84,40,0.5,68,20.7,1,9.13,0.64,2.56,37,6.7,17.5,37,0.31,4.8,1,1,1,0
F215,63,71,50,0.47,80,18.7,0.8,8.94,0.62,2.4,37,5.5,19.2,52,0.29,4.7,1,0,1,0
F216,87,76,35,0.47,78,20,0.9,8.15,0.48,2.36,0,4.7,19,29,0.3,4.7,1,1,1,0
F217,80,90,40,0.53,60,21.3,0.8,10.01,0.63,2.63,7,6.3,19.3,21,0.31,4,1,1,1,0
F218,107,79,50,0.43,65,23.8,1,9.52,0.53,2.41,22,6,18.8,55,0.3,4.5,1,0,0,0
F219,79,65,45,0.5,40,20.2,1,9.49,0.57,2.6,40,3.5,21.2,48,0.34,4.7,1,1,1,1
F220,73,93,40,0.5,50,25.5,1.1,8.85,0.65,2.59,32,6,25.5,72,0.28,5,1,1,1,0
F221,63,88,55,0.5,65,21.8,0.9,9.17,0.63,2.41,20,4.3,21.3,46,0.3,5.7,1,1,1,0
F222,65,75,60,0.5,43,18.5,1,8.92,0.61,2.46,32,6.5,18.7,44,0.3,5.3,1,1,1,1
F223,76,77,50,0.53,58,30.7,1.1,8.72,0.62,2.58,32,5.8,22.5,49,0.34,5.7,0,1,1,0
F224,81,70,45,0.53,33,22.2,0.7,8.74,0.46,2.39,17,3.5,22.8,58,0.28,5.5,1,1,1,1
F225,63,71,35,0.5,63,18.5,0.8,9.35,0.64,2.26,0,3.3,19.5,39,0.34,4.5,0,1,1,1
F226,64,75,55,0.5,62,19,0.9,8.99,0.58,2.26,23,6.3,20.7,34,0.3,5.7,1,1,1,0
F227,63,59,40,0.5,42,20.8,0.9,8.85,0.6,2.44,0,4.2,18,43,0.25,5.8,1,1,1,0
F228,63,86,50,0.6,75,24,0.9,9.35,0.63,2.41,0,6.5,23.3,44,0.31,4.7,0,1,1,0
F229,64,84,50,0.5,70,19.3,0.9,8.88,0.52,2.7,22,6.3,24.5,56,0.32,6.5,1,1,1,0
F230,63,90,40,0.47,68,23.2,1.1,9,0.57,2.61,22,4.5,24,68,0.3,7.3,1,1,1,0
F231,64,82,45,0.43,52,19.2,1,8.78,0.56,2.53,0,8.2,17.3,43,0.3,2,1,0,1,1
F232,63,91,50,0.47,72,19.2,0.8,8.52,0.58,2.57,0,3.5,19.3,35,0.25,5,1,1,0,0
F233,63,75,60,0.47,55,22.8,1.1,9.53,0.68,2.69,40,7.5,19.3,54,0.28,4.3,1,1,0,0
F234,71,83,35,0.4,65,23.3,1,8.72,0.63,2.44,0,8,22.3,50,0.3,6.8,1,1,1,0
F235,103,78,30,0.43,47,15,0.7,8.38,0.49,2.14,35,4,19.7,50,0.29,2.7,1,1,1,0
F236,72,75,45,0.4,47,24.3,1.1,8.23,0.55,2.49,0,2.3,19.5,54,0.23,4.7,1,1,1,0
F237,72,84,35,0.5,33,18.3,0.8,9.14,0.59,2.48,23,6.2,16.3,33,0.31,4.2,1,1,1,0
F238,73,84,25,0.5,38,23.2,1.1,8.68,0.62,2.51,0,4.3,20.3,40,0.3,4,1,1,1,0
F239,85,69,45,0.4,27,21,0.8,8.18,0.54,2.35,0,3.3,19.2,25,0.3,6.3,0,1,1,0
F240,78,70,40,0.47,37,10.8,0.7,8.85,0.6,2.44,0,2.7,19.7,39,0.28,4.3,1,1,1,0
F241,83,85,45,0.43,45,23.7,1.1,8.85,0.6,2.44,0,7.3,21.3,35,0.34,5.7,0,1,0,1
F242,82,88,45,0.53,77,22.8,1,8.42,0.69,2.61,33,7.5,22.5,53,0.3,5.2,1,0,1,0
F243,79,79,50,0.4,43,21.7,0.8,8.51,0.58,2.51,0,4.2,21.2,33,0.33,7.2,0,1,0,1
F244,79,73,40,0.5,77,22,0.9,9.06,0.66,2.59,0,3,18.7,51,0.24,5.7,0,1,1,0
F245,74,70,35,0.4,38,17.7,0.8,8.85,0.6,2.44,0,0.5,22.8,36,0.32,4.2,1,0,1,0
F246,78,88,45,0.53,65,20.2,1,8.93,0.64,2.44,25,5.7,19.5,49,0.31,0.7,1,0,1,0
F247,91,76,35,0.47,47,18.5,0.9,8.71,0.69,2.58,0,1.8,19.3,36,0.27,4,1,1,1,1
F248,85,79,45,0.47,45,20.7,0.9,9.17,0.67,2.73,22,5.3,21,36,0.31,6.5,0,1,0,0
F249,64,88,35,0.5,62,18.8,1,8.6,0.64,2.69,27,4.7,20.8,52,0.35,4.3,1,1,1,0
F250,63,72,40,0.37,67,18.3,0.9,9.07,0.57,2.37,27,3,21.3,35,0.33,6.2,1,1,0,1
F251,65,79,40,0.47,48,29.2,0.9,9.31,0.6,2.53,10,4.8,22.5,45,0.3,5.7,1,1,1,0
F252,75,82,45,0.43,48,18.5,0.9,9.3,0.55,2.77,28,8.3,22.8,41,0.31,5.8,1,1,1,0
F253,63,71,35,0.4,33,20,1.1,8.85,0.6,2.44,0,0,19.2,44,0.25,4.3,1,1,1,1
F254,70,86,50,0.43,42,19,0.9,9.22,0.6,2.21,27,8,21,48,0.28,5.2,1,1,1,0
F255,62,95,20,0.43,50,19.8,0.9,9.19,0.66,2.58,0,3,19.2,42,0.3,3.7,1,1,1,0
F256,65,89,40,0.47,67,30.2,1.2,8.39,0.56,2.64,27,5.3,24.2,75,0.31,6.3,0,1,1,0
F257,68,91,45,0.47,58,19.3,0.9,9.09,0.59,2.24,0,4.7,17.7,26,0.31,4.2,1,1,1,0
F258,76,74,15,0.37,20,18.7,0.8,8.25,0.42,2.41,0,3.8,15.8,19,0.25,3.8,0,1,1,0
F259,84,117,45,0.43,23,23.8,1,8.77,0.65,2.39,23,11.5,22.5,41,0.38,5.5,1,1,1,0
F260,64,75,45,0.5,77,21.5,1.2,8.37,0.6,2.53,25,6.8,20.8,63,0.3,6.3,1,1,1,0
F261,72,94,35,0.53,55,19,1,8.45,0.65,2.71,40,7.8,20.8,52,0.3,3.8,0,1,1,0
F262,63,95,40,0.4,60,23,1.1,9.24,0.59,2.46,27,7.2,23.2,44,0.33,7.2,0,1,1,0
F263,79,79,55,0.3,40,14.8,0.7,8.8,0.61,2.44,0,5.5,17,21,0.31,5.2,1,1,1,1
F264,72,81,55,0.5,47,26.8,1.1,8.79,0.66,2.52,23,6.2,22.8,60,0.31,6.7,0,1,1,1
F265,70,75,45,0.5,52,16.2,0.8,8.85,0.6,2.44,0,3,20.3,27,0.3,4.8,1,1,1,0
F266,65,69,20,0.43,33,15,0.8,8.65,0.59,2.24,0,0,15.2,18,0.28,1.8,1,1,1,0
F267,75,84,40,0.53,48,22.8,1.1,8.72,0.62,2.38,30,8.3,22,44,0.3,6.5,0,1,1,1
F268,89,86,45,0.47,78,22.3,1,8.16,0.62,2.54,30,5.3,22.2,48,0.3,7,1,1,1,0
F269,71,73,40,0.5,47,18,0.7,8.85,0.6,2.44,30,0.7,17,29,0.3,4.7,1,1,1,0
F270,74,92,35,0.43,68,23.7,0.8,8.56,0.62,2.39,23,5.7,21.3,34,0.28,5.8,1,1,1,0
F271,70,87,50,0.37,47,14.2,0.8,8.98,0.55,2.26,0,8.3,18.3,31,0.35,3.7,1,1,1,0
F272,72,65,50,0.37,43,11.2,0.9,8.85,0.6,2.44,0,2.5,16.2,18,0.3,4.7,1,1,1,0
F273,63,85,35,0.47,70,17.2,0.7,8.75,0.66,2.56,0,5.5,16.2,41,0.35,4.5,0,1,1,0
F274,62,78,40,0.43,67,19.5,0.8,8.74,0.67,2.46,0,2.2,18.8,27,0.3,7.2,1,1,1,0
F275,66,70,50,0.53,43,18.3,0.9,8.76,0.68,2.71,33,3,24.3,42,0.3,7.3,0,1,1,0
F276,73,87,30,0.43,62,21.3,0.9,9.02,0.61,2.46,23,6.7,19,35,0.3,5.3,1,1,1,0
F277,88,66,50,0.33,37,19.8,1,8.54,0.54,2.34,0,6.5,22.2,30,0.37,5.8,1,1,1,0
F278,70,89,35,0.43,42,18.8,0.6,8.85,0.6,2.44,0,5,17.5,14,0.31,4.5,1,1,1,0
F279,64,85,40,0.47,70,17.3,0.8,8.85,0.6,2.44,23,6,18,27,0.34,5,1,1,0,0
F280,63,85,40,0.5,45,18.2,1,9.22,0.7,2.54,28,6,20.5,48,0.3,5.3,1,1,0,0
F281,72,86,45,0.5,47,19.3,1,9.45,0.6,2.5,20,6.8,19.3,40,0.31,4.3,1,1,1,1
F282,85,89,40,0.43,68,19.7,0.8,8.46,0.54,2.43,22,6.7,23.3,36,0.31,5.7,0,1,1,0
F283,68,86,60,0.43,68,23.5,1.1,8.91,0.56,2.59,17,3.3,24.7,52,0.25,7.7,1,1,1,0
F284,69,88,55,0.37,75,21.7,0.9,9.01,0.61,2.44,0,4.2,19.3,34,0.28,5.7,1,1,1,0
F285,76,81,50,0.5,52,20.8,0.9,9.59,0.65,2.38,28,6.7,21,39,0.32,4.8,1,1,1,0
F286,70,82,35,0.4,33,17.5,0.9,8.85,0.6,2.44,0,3.5,18.8,28,0.32,4.7,1,0,1,0
F287,65,96,35,0.43,42,19.3,1,8.98,0.64,2.33,0,6.8,22,34,0.33,6.2,0,1,1,1
F288,68,91,50,0.53,77,26,0,8.56,0.57,2.42,22,3.3,20.3,46,0.31,5.2,1,1,1,1
F289,73,75,60,0.5,70,23.2,1.1,8.21,0.58,2.54,22,6.5,21.7,57,0.33,8.5,1,1,1,0
F290,88,90,40,0.47,53,21.2,1,8.85,0.65,2.61,0,7.5,19.8,37,0.28,6,0,1,1,1
F291,73,63,50,0.47,43,21.2,1.2,9.35,0.62,2.65,0,2.8,16.7,43,0.25,5,1,1,0,1
F292,79,82,25,0.4,37,20.3,0.9,8.77,0.58,2.42,0,7.3,19.3,30,0.35,7.3,1,1,1,0
F293,87,91,40,0.43,80,26,1.1,9.02,0.65,2.56,28,5,23.7,60,0.3,6.3,1,1,0,0
F294,70,82,30,0.43,43,19.5,0.9,9.24,0.6,2.81,0,4.3,16.8,33,0.33,4.2,0,1,1,1
F295,73,96,45,0.47,63,20.5,0.9,8.6,0.53,2.38,25,4.3,17.5,40,0.28,4.2,1,0,1,1
F296,66,91,25,0.4,38,20.7,0.8,9.45,0.67,2.55,28,3.8,20.5,35,0.3,4.7,1,0,1,0
F297,81,76,30,0.37,32,14,0.7,8.21,0.58,2.35,0,5.8,14.7,21,0.25,3.8,1,1,1,1
F298,69,97,50,0.43,67,26.2,1.1,8.16,0.6,2.47,27,6,19,60,0.31,4.8,0,1,1,0
F299,73,94,35,0.4,55,18,0.9,8.85,0.6,2.44,0,6.3,21.7,27,0.34,4,1,1,1,0
F300,65,95,50,0.47,87,23,1.2,8.05,0.59,2.42,27,5.7,21.7,60,0.23,4.3,1,0,1,0
F301,63,89,35,0.43,53,23.3,0.8,8.68,0.55,2.44,15,5.5,18.8,33,0.31,7.2,0,1,1,0
F302,105,88,60,0.43,68,27.2,0.9,8.75,0.61,2.6,27,4.2,24.7,51,0.33,6.5,1,1,1,0
F303,69,97,45,0.4,88,16.7,0.9,8.85,0.6,2.44,0,8.2,16.7,19,0.28,4.8,1,1,1,0
F304,66,82,50,0.47,62,21,0.8,8.38,0.58,2.37,0,3.8,20.5,29,0.34,7.5,1,1,1,1
F305,63,104,30,0.5,48,20.8,1,8.71,0.64,2.75,30,11.2,23.7,41,0.3,6.5,1,0,1,1
F306,79,91,30,0.33,60,17.7,0.9,8.86,0.61,2.4,0,6.7,22.3,36,0.31,7.3,1,1,1,0
F307,97,87,35,0.37,52,16.2,0.8,9.02,0.6,2.12,32,8.7,21.7,35,0.4,5.7,0,1,1,0
F308,71,76,40,0.43,75,17.3,0.9,8.6,0.66,2.49,0,3.5,20.2,32,0.3,4.2,1,0,1,1
F309,70,73,40,0.43,43,22.8,0.9,9.25,0.74,2.5,27,4.3,20.8,36,0.31,6.3,0,1,1,1
F310,68,91,40,0.5,48,23.2,1,9.17,0.67,2.48,27,6.8,21.2,53,0.3,5.3,1,1,1,0
F311,73,94,55,0.4,68,22.2,1,8.72,0.6,2.45,30,5.5,21.5,46,0.27,4.7,1,1,1,1
F312,78,72,40,0.47,67,15.3,0.8,8.36,0.56,2.44,0,2.7,16.3,26,0.23,3.8,1,1,1,0
F313,73,94,50,0.5,63,20,0.9,8.25,0.56,2.36,28,3.8,23.7,46,0.32,7.5,1,1,1,0
F314,76,95,50,0.47,67,26.2,1.1,8.33,0.61,2.53,0,5.5,25.8,52,0.31,8.2,0,1,1,1
F315,79,85,50,0.43,63,17.7,0.9,9.64,0.61,2.36,30,7.2,19,34,0.33,6.8,1,1,1,1
F316,62,87,45,0.33,58,23.7,1.1,8.74,0.59,2.22,0,5.5,18.2,29,0.31,3.8,1,0,1,0
F317,64,96,50,0.5,35,23.7,0.8,8.52,0.6,2.51,17,7.8,21.2,43,0.27,6.8,1,1,1,1
F318,85,90,30,0.4,60,23.2,0.9,9.08,0.59,2.18,30,7.2,18.2,29,0.34,5,1,0,1,0
F319,64,91,55,0.4,58,21.3,0.8,8.62,0.67,2.29,35,7.8,25.7,52,0.33,6.3,0,1,1,0
F320,103,102,50,0.43,85,26.3,0.9,8.95,0.61,2.32,42,5.8,27.2,44,0.32,6.8,1,1,1,0
F321,77,95,50,0.43,53,17,0.9,8.99,0.68,2.59,28,7.7,23.5,30,0.35,8,0,1,1,0
F322,89,105,50,0.5,63,26.3,1,8.94,0.56,2.36,27,7.2,22.2,44,0.31,5.8,1,1,1,0
F323,79,75,30,0.4,52,16.8,0.9,9.89,0.68,2.47,0,3.3,19,35,0.28,4.2,0,1,1,0
F324,73,85,40,0.47,55,15,0.7,8.98,0.54,2.61,0,5.3,18,26,0.3,6.2,1,1,1,1
F325,82,95,55,0.5,65,17,0.7,8.98,0.59,2.32,0,5,21.8,28,0.32,2,1,0,1,0
F326,74,66,40,0.43,60,15.3,0.9,8.73,0.67,2.79,25,2.5,19.3,39,0.26,6,1,1,1,0
F327,84,81,35,0.37,58,19.3,1.1,8.92,0.59,2.59,28,6.5,20.3,36,0.3,5.3,1,1,1,0
F328,63,89,50,0.47,32,18.2,1,9.48,0.63,2.44,35,5,20.3,45,0.32,4.8,1,1,1,0
F329,80,98,35,0.37,52,23.2,0.8,8.9,0.55,2.24,0,9,17.5,25,0.32,4.2,1,1,1,0
F330,79,90,50,0.43,73,16.3,0.9,8.72,0.58,2.7,25,4.5,20.5,46,0.3,2.3,1,0,1,0
F331,73,83,50,0.43,53,22.3,0.9,8.56,0.58,2.57,32,1.5,25.2,61,0.32,5.8,1,1,1,0
F332,72,64,50,0.4,30,16.8,0.8,8.67,0.61,2.64,0,0,16,20,0.3,4.2,1,1,1,0
F333,74,88,50,0.47,65,21.8,0.6,8,0.5,2.23,20,5.7,21,35,0.28,8.3,1,1,1,0
F334,63,77,50,0.47,63,16.8,1,8.75,0.67,2.66,27,4,20.2,36,0.27,1.5,1,0,1,0
F335,65,72,45,0.4,60,22.2,0.9,8.72,0.63,2.73,0,3,21.3,55,0.3,6.3,1,1,1,0
F336,78,85,45,0.53,58,22.2,0.9,9.02,0.64,2.72,12,4.2,19.3,33,0.32,5.8,1,1,1,0
F337,72,81,60,0.53,73,18.5,0.9,9.12,0.66,2.43,0,4.3,18.2,32,0.3,5.2,1,1,1,0
F338,72,93,45,0.5,58,19.8,0.8,9.06,0.58,2.38,30,2.2,16.8,27,0.25,4.7,0,0,1,0
F339,64,86,40,0.43,82,17,0.9,9.77,0.59,2.49,25,4.7,19.2,33,0.33,5.8,1,1,1,0
F340,70,83,45,0.37,58,22.2,0.9,8.52,0.57,2.35,0,4.8,20.2,40,0.32,7.3,0,1,1,0
F341,71,93,50,0.47,57,20.5,0.8,8.79,0.57,2.24,25,5.7,20.3,39,0.34,6,1,1,1,0
F342,78,79,50,0.5,47,18.5,1,8.87,0.7,2.57,0,3,19.2,35,0.25,5,1,0,1,0
F343,73,77,55,0.4,60,18.7,0.8,9.41,0.6,2.37,30,4.8,20.7,35,0.33,6,0,1,1,0
F344,76,76,25,0.57,30,17.7,0.8,9.15,0.65,2.62,0,0,17.7,30,0.26,6.3,0,1,1,1
F345,65,71,45,0.5,32,20.2,1,8.6,0.65,2.67,0,0,24,53,0.3,6.5,0,1,1,0
F346,82,87,45,0.5,53,19.7,1,8.66,0.61,2.7,30,5.3,22.3,51,0.28,7,0,1,1,1
F347,67,81,25,0.37,75,15.2,0.8,9.16,0.57,2.57,0,4.5,17.3,25,0.31,4.8,1,1,1,1
F348,77,94,50,0.37,55,21,0.9,8.11,0.5,2.33,33,7.5,22.7,42,0.31,4.5,1,1,1,0
F349,70,69,30,0.5,45,13.7,0.8,8.86,0.56,2.32,0,4.3,14.5,30,0.31,3.8,1,1,1,1
F350,91,74,45,0.4,48,20.5,0.7,9.02,0.51,2.22,0,3.7,21.3,36,0.35,3.3,1,1,1,1
F351,73,82,45,0.47,57,21.5,1.1,8.17,0.56,2.45,30,3.8,22,45,0.34,4,1,1,1,0
F352,76,91,30,0.43,28,25,0.9,9.19,0.59,2.42,0,5.2,21.2,21,0.32,6.3,0,1,1,0
F353,79,72,50,0.5,65,22,1,8.72,0.67,2.57,33,5,20.8,36,0.35,5.7,1,1,1,0
F354,79,77,50,0.53,68,24.3,1,8.49,0.64,2.59,30,1.8,22.3,63,0.28,5.7,1,1,1,0
F355,74,83,50,0.47,38,22.5,1.4,9.23,0.71,2.7,25,4.3,23.5,40,0.28,7.2,1,1,1,0
F356,85,69,50,0.47,63,15,0.7,9.53,0.67,2.56,0,4.3,21,28,0.35,5.8,1,1,1,0
F357,80,85,45,0.43,50,17.5,0.9,9.69,0.63,2.71,18,7.5,23.5,38,0.3,6.3,1,1,1,1
F358,82,79,50,0.5,40,23.3,1,8.39,0.58,2.56,27,5.8,22.7,51,0.31,6.8,1,1,1,1
F359,70,77,55,0.4,22,30.2,1.2,8.4,0.61,2.76,0,3.7,17.8,35,0.28,7.2,1,0,1,0
F360,68,73,50,0.5,62,20.7,0.8,8.93,0.61,2.5,23,3.7,24.3,42,0.34,6.7,0,1,1,0
F361,70,85,60,0.5,50,17.8,0.9,8.94,0.54,2.49,0,5.7,19.7,44,0.37,5.3,0,1,1,1
F362,76,80,35,0.43,52,18.3,0.9,8.8,0.61,2.43,25,4.7,20,59,0.3,5.7,1,1,1,0
F363,72,77,45,0.43,42,23.8,0.8,8.67,0.51,2.12,0,2.2,19.8,25,0.38,6.2,1,1,1,0
F364,84,92,50,0.47,42,19.8,0.9,9.43,0.56,2.45,27,5,20.5,35,0.3,5.2,1,1,1,1
F365,103,71,45,0.47,40,21.2,0.8,8.85,0.6,2.44,15,6,22.8,36,0.4,5.2,1,1,1,0
F366,74,95,25,0.5,55,17.3,0.8,8.65,0.57,2.3,0,7.8,16.7,35,0.3,4,1,1,1,0
F367,74,87,50,0.5,62,18.8,0.9,9.37,0.62,2.44,38,5.3,19.8,38,0.28,4,1,0,1,0
F368,65,87,30,0.4,42,22.7,0.9,9.32,0.64,2.5,0,3.7,19.3,24,0.35,5.7,0,1,1,0
F369,81,86,45,0.33,60,17.5,0.8,8.49,0.65,2.66,27,5.2,19,31,0.36,6.7,1,1,1,0
F370,64,62,50,0.5,50,17.2,1,8.61,0.66,2.64,0,3.5,18.7,43,0.25,4.8,1,1,0,0
F371,73,77,60,0.47,47,13,0.8,9.27,0.6,2.35,35,5.8,21,31,0.35,6,1,1,1,0
F372,68,83,50,0.53,65,19.7,1.1,8.68,0.53,2.44,32,3,21.2,61,0.25,3.8,0,0,1,0
F373,83,64,40,0.43,68,19.3,1,8.97,0.61,2.65,0,3.8,18.5,23,0.25,5.5,1,1,1,0
F374,72,89,60,0.57,80,23.3,0.8,9.5,0.55,2.22,27,5,18.8,35,0.35,3.3,1,1,1,0
F375,75,70,45,0.4,57,12.5,0.7,9.08,0.58,2.33,33,1,20,38,0.3,4.5,1,1,1,0
F376,69,84,40,0.47,48,24.7,1,8.91,0.69,2.76,32,8,21.8,48,0.25,6.3,1,1,1,1
F377,86,89,45,0.47,60,25.7,1.1,8.85,0.62,2.34,38,9.2,27.5,41,0.3,6.3,1,1,1,0
F378,66,66,60,0.5,68,17.3,0.7,8.59,0.55,2.45,0,4.2,14.3,25,0.25,3.2,1,1,1,1
F379,63,57,60,0.5,18,15.7,1,7.92,0.55,2.56,0,0.7,17.7,46,0.27,5.3,1,1,1,0
F380,73,61,50,0.53,50,20.7,1.1,9.33,0.62,2.65,0,1.2,18.3,55,0.27,0.8,1,0,1,0
F381,86,72,50,0.47,63,22.7,1,8.94,0.59,2.41,28,8.7,22.7,50,0.33,4,1,1,1,0
F382,98,67,45,0.5,60,23.8,0.8,8.93,0.59,2.42,28,5.5,22.7,34,0.45,5.3,1,1,1,0
F383,77,68,50,0.43,67,19.3,0.8,8.86,0.59,2.43,0,2,20.3,36,0.3,5.2,1,0,1,0
F384,70,65,30,0.57,62,21.3,0.9,8.89,0.66,2.31,0,0,20.7,37,0.3,5.5,1,1,1,0
F385,79,65,45,0.4,63,19.5,0.9,8.95,0.59,2.35,0,4.3,19.7,26,0.32,3.5,1,1,1,1
F386,107,84,50,0.5,63,19.8,0.8,9.28,0.63,2.45,22,2.7,22.7,38,0.32,4.3,1,1,1,0
F387,72,69,40,0.53,62,20.2,0.7,8.41,0.57,2.36,22,2,21.8,37,0.31,4.8,1,1,1,1
F388,79,55,50,0.6,77,15,0.8,8.85,0.62,2.28,0,0,16.3,46,0.28,2.2,1,0,1,0
F389,83,64,60,0.47,67,27,1.1,9.37,0.62,2.3,0,0,20.7,46,0.2,4.8,1,1,1,0
F390,78,48,65,0.33,60,23.2,0.8,9.26,0.64,2.38,0,0.8,19.5,30,0.28,6,1,1,1,1
F391,70,50,50,0.43,55,18.3,0.7,8.7,0.63,2.23,0,0,13.7,24,0.28,3.5,1,1,0,1
F392,73,70,50,0.57,52,21.7,0.8,8.41,0.53,2.34,20,0,21,52,0.3,2.7,1,0,1,0
F393,73,64,60,0.53,47,23.5,1.1,8.97,0.61,2.43,42,0,21.7,63,0.3,4.7,1,1,1,0
F394,70,48,30,0.43,57,18.2,1,8.85,0.6,2.44,0,0,12.7,30,0.21,1.3,1,1,1,0
F395,70,55,35,0.37,30,13.5,0.6,8.59,0.58,2.53,0,0,13.2,32,0.28,4.7,1,1,0,0
F396,70,59,60,0.37,97,16.8,1,8.85,0.6,2.44,22,0,17.5,31,0.3,3.7,1,1,1,0
F397,72,71,60,0.57,63,23.3,1,8.81,0.53,2.49,0,0,20.7,44,0.28,5.7,1,1,1,1
F398,66,60,45,0.53,50,18.7,0.9,9.13,0.64,2.49,0,0,15,33,0.3,4,1,1,1,0
F399,87,96,50,0.53,33,21.3,0.9,8.85,0.6,2.44,23,3.2,24.3,51,0.28,4.5,1,1,1,0
F400,73,63,40,0.47,63,22.2,1.1,8.45,0.59,2.41,0,1,16.8,60,0.28,1,1,1,1,0
F401,87,83,50,0.43,65,22.2,1,8.59,0.6,2.49,0,4.5,18.8,31,0.37,4.7,1,0,1,1
F402,98,76,50,0.67,57,31,1.1,9.11,0.54,2.03,37,1.3,23,48,0.32,3.8,1,0,1,0
F403,81,46,30,0.33,58,18.3,0.9,8.79,0.62,2.17,0,0.7,16.2,33,0.23,4.2,1,1,1,0
F404,77,65,40,0.5,58,19.2,0.9,9.46,0.66,2.39,35,0,20.2,33,0.3,6.2,1,1,1,0
F405,82,72,50,0.57,75,23,0.8,8.53,0.52,2.12,0,5.5,17,29,0.31,2.7,1,1,1,0
F406,88,61,50,0.53,68,24.3,1.1,7.92,0.52,2.39,0,0,21.7,53,0.3,4.7,1,1,1,0
F407,88,61,55,0.5,65,21.8,0.8,8.24,0.48,2.34,0,0,20.3,40,0.3,4.2,1,1,1,0
F408,82,61,40,0.5,55,19.8,0.7,8.59,0.62,2.56,0,1.7,20,33,0.3,2.7,1,1,1,0
F409,91,51,35,0.5,38,20.5,0.9,8.42,0.54,2.49,10,0,16,23,0.33,4.2,1,0,1,1
F410,82,59,60,0.5,55,21.3,0.9,9.04,0.64,2.56,0,0,19.7,42,0.28,2.7,1,1,1,0
F411,73,57,50,0.53,68,15.3,0.7,8.58,0.52,2.31,0,1.8,18,30,0.4,3.5,1,1,1,0
F412,69,54,50,0.33,65,18.7,0.8,8.79,0.68,2.63,0,0,17.5,26,0.2,4.3,1,1,1,0
F413,78,54,45,0.5,53,20.3,0.7,9.29,0.58,2.43,0,0.7,18.3,30,0.37,5.2,1,1,1,0
F414,75,63,40,0.43,60,20.8,1,8.62,0.55,2.22,25,0,19.3,39,0.3,3.3,1,1,1,0
F415,73,65,60,0.43,58,25.2,0.8,8.7,0.6,2.34,0,4.3,18.7,38,0.3,4,1,1,1,0
F416,86,61,45,0.37,60,17.7,0.9,8.85,0.6,2.44,23,0,18.7,46,0.26,2.8,1,1,1,0
F417,72,58,50,0.47,57,17.3,0.7,9.33,0.54,2.63,0,3.5,15.3,18,0.27,5.3,1,1,0,1
F418,80,61,50,0.5,53,17.8,0.7,9.13,0.59,2.39,0,0,12.8,40,0.3,1.3,1,0,1,0
F419,77,67,50,0.63,58,23.8,1,9.13,0.57,2.21,0,3.5,19.3,42,0.25,3,1,1,1,0
F420,77,52,45,0.5,47,17.5,0.7,9.16,0.53,2.26,0,2,17.5,36,0.31,2.3,1,0,1,0
F421,82,60,50,0.5,47,21,0.9,8.44,0.49,2.13,0,4.7,20.3,32,0.33,3.2,1,1,1,0
F422,83,54,50,0.47,52,19.7,0.9,8.35,0.58,2.44,0,0,15,45,0.25,1.7,1,1,0,1
F423,70,65,30,0.53,45,21.5,1.1,8.84,0.59,2.45,0,0,19.7,61,0.25,4,1,1,1,0
F424,74,72,30,0.53,57,23.3,1,9.17,0.65,2.36,25,4.8,21,44,0.4,6.8,1,1,1,0
F425,73,58,50,0.4,73,26.8,1.1,8.02,0.59,2.66,28,0,21.3,57,0.2,4.5,1,1,1,0
F426,81,72,50,0.5,62,24.7,1,8.5,0.58,2.38,0,4.2,19.8,57,0.31,3.2,1,1,1,0
F427,81,59,50,0.5,80,20.8,1.1,8.98,0.61,2.29,0,1.7,16,36,0.3,5.2,1,1,1,0
F428,73,81,60,0.7,67,19,0.9,9.01,0.58,2.27,37,0,24,42,0.32,5.5,1,1,1,0
F429,70,65,35,0.57,52,23,1,8.05,0.42,2.34,0,0,20,75,0.25,4,1,1,1,1
F430,76,48,30,0.43,43,15,0.7,8.85,0.6,2.44,0,0,15.8,40,0.3,3,1,1,0,1
F431,78,61,40,0.5,57,18.7,0.9,8.43,0.53,2.24,0,2.3,15.7,43,0.31,1,1,1,1,0
F432,76,59,50,0.57,73,20,1.1,8.23,0.56,2.47,0,0,20.2,57,0.27,4.7,1,1,1,1
F433,71,48,50,0.43,45,10.3,0.6,9.27,0.45,2.61,0,0,17,17,0.24,2.8,1,1,1,0
F434,68,63,35,0.33,43,18.3,0.9,9.51,0.55,2.39,0,0,13.3,40,0.28,1,1,0,1,1
F435,103,89,70,0.63,85,31.8,1,9.08,0.57,2.38,17,7.2,22,55,0.31,4,1,0,1,0
F436,91,85,35,0.43,62,23.2,0.8,9.69,0.62,2.51,27,4.2,22.2,32,0.4,5.8,1,1,1,0
F437,93,68,50,0.53,55,19,0.8,9.35,0.67,2.58,0,0,20,35,0.31,3.3,1,0,0,0
F438,69,65,50,0.43,75,17.8,1,8.7,0.55,2.73,0,3.8,19,44,0.3,4.2,1,1,1,0
F439,70,76,50,0.43,67,29,1.1,9.13,0.53,2.27,30,0,23.7,53,0.3,5.2,1,1,1,0
F440,72,50,50,0.33,55,18.7,0.7,8.11,0.56,2.45,0,1.7,14.7,37,0.25,3.3,1,1,1,0
F441,77,50,45,0.53,27,16.7,0.9,8.85,0.6,2.44,0,0,14.3,28,0.3,4.2,1,1,1,0
F442,92,47,55,0.63,45,22,0.8,8.97,0.58,2.54,13,4,22,47,0.37,6,1,1,1,0
F443,89,67,45,0.47,50,21.7,1,9.07,0.56,2.46,25,0,20.3,41,0.3,2.5,1,0,1,0
F444,73,62,60,0.47,63,25.5,0.9,8.79,0.56,2.3,37,0,19.8,56,0.28,2.5,1,1,1,0
F445,71,67,35,0.47,52,19,0.8,8.85,0.6,2.44,0,0,15.3,32,0.28,3.5,1,1,1,0
F446,69,61,55,0.5,52,22.8,1.1,8.25,0.58,2.26,0,0.5,17.8,57,0.18,3.5,1,1,1,0
F447,71,66,45,0.43,63,25,1.1,8.78,0.62,2.42,35,0,21.5,53,0.3,2.2,1,0,1,0
F448,108,97,55,0.5,82,28.7,0.8,8.19,0.53,2.31,45,7.5,27.5,37,0.32,6,1,1,1,0
F449,69,53,30,0.43,38,19.3,1.1,9.84,0.69,2.39,0,0,18,38,0.22,2.7,1,0,1,1
F450,71,54,45,0.5,55,17,0.7,8.8,0.57,2.5,0,3.2,16,38,0.3,3.3,1,0,1,0
F451,77,59,50,0.4,58,22,1.2,8.79,0.55,2.44,0,0,17.2,63,0.27,1.3,1,0,1,0
F452,68,56,50,0.57,55,19.3,1,9.04,0.65,2.58,40,0,17.7,45,0.24,4.5,1,1,1,0
F453,105,69,60,0.5,80,21.3,0.9,8.52,0.59,2.3,15,2.3,20.7,42,0.33,3.5,1,1,1,0
F454,69,63,40,0.43,62,18.3,1,8.83,0.68,2.57,0,5.8,15.7,26,0.39,5.8,1,1,1,0
F455,76,76,50,0.47,87,18,0.9,8.61,0.53,2.36,23,8.8,19,41,0.4,4.3,1,1,1,0
F456,68,55,50,0.53,63,21.3,0.8,8.99,0.63,2.53,30,0,17.7,51,0.22,2.5,1,1,1,0
F457,99,61,40,0.47,43,19.5,0.9,8.81,0.61,2.33,0,4.5,17,25,0.3,6.2,1,1,1,0
F458,78,53,40,0.5,28,14,0.7,9.64,0.56,2.09,0,0,16.7,23,0.3,5,1,1,1,0
F459,67,55,20,0.43,60,15.7,1.1,8.6,0.65,2.45,0,0,15.7,42,0.2,3.5,1,1,1,0
F460,67,82,40,0.53,45,25.7,1,8.8,0.59,2.46,22,11,23,65,0.31,5.7,1,1,1,0
F461,67,55,40,0.4,55,24.3,0.9,8.6,0.62,2.65,0,0.5,18.2,37,0.21,3.5,1,0,1,0
F462,103,62,0,0.43,32,18.7,0.9,8.72,0.54,2.3,0,1,19.3,29,0.28,5.8,1,1,1,0
F463,68,59,45,0.47,55,14,0.8,9.1,0.66,2.33,0,0,17.3,45,0.2,1.8,1,0,1,0
F464,74,74,60,0.53,72,27,1.2,8.94,0.65,2.23,45,0,22.7,77,0.28,3.3,1,1,1,0
F465,76,60,50,0.5,70,22,1.1,8.4,0.57,2.57,40,0,19.8,50,0.28,5.7,1,1,1,0
F466,81,60,60,0.47,58,25.7,0.8,8.6,0.64,2.11,0,0,18.8,40,0.21,1.7,1,0,1,0
F467,81,64,60,0.5,57,19.5,0.7,8.82,0.54,2.42,40,0,20.7,33,0.3,4.3,1,1,1,0
F468,74,69,65,0.4,60,19.7,1,9.17,0.58,2.26,40,0,18.7,45,0.28,2.2,1,1,1,1
F469,92,52,40,0.47,58,12.7,0.8,9.01,0.52,2.3,0,1.7,13.8,27,0.3,3.3,1,1,1,0
F470,76,73,50,0.47,72,23,0.8,9.01,0.6,2.42,40,0,23,60,0.31,5.8,1,1,1,1
F471,86,52,45,0.43,50,22,0.8,7.57,0.55,2.48,0,0,17.5,35,0.2,2.8,1,0,1,0
F472,81,75,60,0.57,65,32.7,1.1,8.04,0.51,2.26,38,0,23.3,69,0.24,2.7,1,0,1,0
F473,99,78,45,0.5,38,24.3,0.8,8.67,0.61,2.68,25,3,19.8,41,0.4,6.2,1,1,1,0
F474,78,49,45,0.53,73,15.8,0.8,9.21,0.57,2.42,0,0,17.2,33,0.3,3.5,1,0,0,0
F475,76,62,50,0.57,52,19.3,0.9,8.93,0.59,2.42,0,2.3,17.7,30,0.4,5.2,1,1,1,0
F476,67,69,45,0.5,47,19.3,0.9,8.68,0.59,2.29,38,2.8,19,37,0.3,5,1,1,1,1
F477,65,85,55,0.47,92,24.8,0.8,8.97,0.56,2.26,42,5.3,21,46,0.3,2.7,1,1,1,1
F478,89,56,40,0.4,47,21,1,8.46,0.49,2.46,0,2.2,16.5,31,0.23,3.8,1,1,1,0
F479,68,48,20,0.43,52,17.3,0.8,9.14,0.66,2.67,0,0,13.3,25,0.28,3.3,1,0,1,0
F480,83,54,45,0.67,70,16.8,0.6,8.85,0.6,2.44,0,0,16.2,21,0.38,3.2,1,1,1,0
F481,65,58,30,0.43,43,16.5,0.9,8.69,0.66,2.51,0,1.8,16.2,43,0.2,3.8,1,1,1,0
F482,69,73,40,0.47,82,19.7,1,8.45,0.58,2.4,0,0,20.2,52,0.2,3.3,1,1,1,1
F483,65,50,30,0.43,73,19,0.8,8.62,0.6,2.28,0,0,13.3,37,0.21,2,1,1,0,0
F484,71,65,40,0.4,73,18.2,0.8,9.32,0.67,2.39,22,1.8,16,30,0.23,3.2,1,0,1,1
F485,65,54,45,0.43,77,19.5,0.8,9.06,0.6,2.23,0,0,17.7,42,0.2,3,1,1,1,1
F486,64,51,40,0.33,47,15.8,0.9,8.85,0.6,2.44,0,3.2,14.3,30,0.25,2,1,1,1,0
F487,63,56,60,0.5,72,23.2,1,8.02,0.61,2.52,40,3.3,19.2,46,0.23,4.8,1,1,1,0
F488,69,49,50,0.37,53,15.2,0.9,8.85,0.6,2.44,0,0,13.3,28,0.25,3,1,0,1,0
F489,64,56,40,0.43,57,21.7,0.8,8.36,0.57,2.2,0,0,15.8,33,0.22,2,1,1,1,0
F490,67,70,40,0.67,60,29,1,8.95,0.63,2.64,50,0,21.2,51,0.3,5.7,1,1,1,0
F491,81,64,55,0.43,27,19.2,0.9,8.96,0.59,2.41,23,2.7,19.7,42,0.3,5.3,1,1,1,1
F492,88,72,45,0.4,40,19.7,0.8,8.82,0.49,2.24,27,3.8,20,42,0.33,3.8,1,1,1,0
F493,63,62,50,0.53,65,27.7,1.1,9.32,0.65,2.29,53,1.8,22.3,39,0.3,5.3,1,1,1,0
F494,79,66,45,0.43,77,19.7,0.9,9.23,0.59,2.44,22,2.2,17.7,36,0.31,4.8,1,1,1,1
F495,64,76,30,0.47,57,19.8,1,8.31,0.53,2.46,0,8.2,19.7,52,0.3,4.8,1,1,1,0
F496,72,63,50,0.43,62,19.5,0.9,9.12,0.61,2.57,27,0,21.7,31,0.37,5.2,1,1,1,0
F497,64,63,35,0.47,53,22.3,0.9,8.68,0.61,2.58,0,1.5,19,37,0.25,3.8,1,0,1,1
F498,64,61,40,0.5,68,19.2,0.9,8.67,0.56,2.46,25,0,17.5,41,0.3,2.7,1,0,1,0
F499,64,81,50,0.5,75,19,1,8.98,0.59,2.6,30,10,21,62,0.3,5.3,1,1,1,0
F500,79,97,65,0.5,80,25.5,1,9.21,0.68,2.56,32,8.5,25,63,0.33,6,1,1,1,0
F501,83,65,55,0.53,40,19.7,0.8,8.54,0.53,2.39,37,7.5,17.5,39,0.37,3.2,1,1,1,0
F502,73,75,50,0.47,68,19,0.7,8.23,0.56,2.58,47,9.2,16.5,27,0.32,6,1,1,1,0
F503,61,91,45,0.73,53,22.8,1.1,8.05,0.6,2.66,35,7,24,67,0.24,6,1,1,1,0
F504,62,77,55,0.53,57,23.3,1.1,8.95,0.66,2.39,23,5.8,23.8,47,0.34,7.3,1,1,0,1
F505,99,78,60,0.5,82,24,0.8,9.18,0.66,2.48,38,3.5,21.8,42,0.4,6.3,0,1,1,0
F506,79,74,45,0.47,52,18.3,0.8,8.49,0.63,2.17,32,9.5,20.3,31,0.33,4,0,1,1,0
F507,61,65,50,0.43,43,17.7,1.1,8.4,0.59,2.55,30,3.2,19.7,50,0.3,4.8,1,1,1,0
F508,61,84,60,0.53,70,18.5,0.9,9.55,0.58,2.36,35,6.8,21.3,31,0.38,5.3,1,1,1,1
F509,61,82,60,0.5,85,24.8,1,8.2,0.57,2.44,0,9.2,21.7,62,0.31,6.7,1,1,1,0
F510,79,96,45,0.5,47,18.3,1,9.16,0.63,2.4,33,12,21.8,41,0.35,4.8,1,1,1,1
F511,62,94,45,0.47,60,21.3,0.8,9.05,0.48,2.27,0,11.2,19.7,25,0.43,4.8,1,1,1,1
F512,61,81,55,0.5,77,22.5,1.1,9.38,0.66,2.55,30,4.7,21,58,0.3,4.8,1,0,1,0
F513,61,72,40,0.5,58,19,0.8,8.86,0.62,2.63,0,3.8,16.5,36,0.31,4.8,1,1,1,0
F514,61,62,50,0.5,60,12.7,1,9.17,0.61,2.26,0,2.7,17,29,0.33,4.2,1,1,1,0
F515,72,80,40,0.5,93,19.7,0.9,9.37,0.7,2.48,0,0,16,48,0.22,3.3,1,0,1,1
F516,93,96,40,0.43,68,22.7,0.8,9.52,0.65,2.34,0,10.7,22.5,34,0.41,6.8,1,1,1,0
F517,104,63,40,0.37,10,14.2,0.8,8.85,0.6,2.44,0,3.8,18.3,34,0.31,5,1,1,0,0
F518,62,60,50,0.53,65,23,1,8.71,0.59,2.49,0,0.8,20.2,52,0.23,4.8,1,0,1,1
F519,62,75,35,0.47,47,18.8,0.8,8.85,0.71,2.89,0,6.2,21.8,26,0.31,6.2,1,1,0,0
F520,64,89,30,0.5,52,19.8,1,8.97,0.59,2.46,25,9.5,23.5,40,0.31,6.7,1,1,1,1
F521,62,80,30,0.33,50,16.8,0.8,9.13,0.55,2.34,0,5.2,17.5,22,0.34,3.7,1,1,1,0
F522,75,93,60,0.5,73,23,1.3,8.93,0.61,2.5,40,4.5,23.7,68,0.3,5.2,1,0,0,0
F523,71,51,25,0.5,57,18.7,0.8,8.85,0.6,2.44,0,0,15.7,34,0.28,4.7,0,1,1,0
F524,76,99,55,0.53,87,23,1.1,9.61,0.64,2.54,20,8.7,23.7,42,0.3,6.2,1,0,1,0
F525,70,83,50,0.47,40,17.5,0.9,9.27,0.59,2.32,20,9.2,18.2,36,0.3,5,0,1,0,1
F526,93,99,55,0.5,57,26.2,0.8,8.84,0.6,2.5,32,7.7,24.7,54,0.42,4.8,1,1,1,0
F527,76,74,50,0.53,63,20.5,1,8.55,0.47,2.3,38,6.5,23.3,57,0.31,6.2,1,1,1,0
F528,88,76,45,0.53,67,21.5,1,9.49,0.61,2.65,40,7.2,26,41,0.4,7.8,1,1,1,0
F529,95,90,45,0.47,77,23.7,0.8,9.29,0.56,2.32,25,8.5,22.7,38,0.41,4.5,1,1,1,1
F530,96,75,60,0.43,47,19.7,1,8.91,0.59,2.62,37,5.2,22.5,40,0.3,5.7,1,1,1,0
F531,97,81,45,0.5,87,26,0.9,8.62,0.6,2.5,30,3.7,22.8,48,0.33,5.8,1,1,1,0
F532,78,88,60,0.5,63,21.3,1,8.64,0.6,2.52,30,10.7,23,48,0.31,7.7,1,1,1,0
F533,65,77,45,0.43,37,19.5,0.8,9.48,0.59,2.44,33,6.3,21,32,0.4,5.5,0,1,0,0
F534,108,83,35,0.5,37,26.5,0.8,8.97,0.5,2.39,30,5.3,26.2,57,0.34,4.8,1,1,1,1
F535,65,105,45,0.37,63,18.7,0.9,9.09,0.7,2.61,28,5.8,24.5,36,0.31,5,1,1,1,0
F536,86,96,50,0.5,65,25.5,1,9.4,0.66,2.6,37,9.7,24.5,37,0.35,4.8,1,1,1,0
F537,109,86,25,0.5,30,21.3,0.9,8.87,0.53,2.12,23,2.3,24.3,77,0.31,4.3,1,1,1,0
F538,85,74,50,0.5,58,21.7,1,8.38,0.63,2.68,37,5.7,20.8,49,0.28,6.3,1,1,1,0
F539,79,78,60,0.3,78,20.5,0.8,8.4,0.47,2.04,52,10.3,18.8,33,0.33,5.2,1,1,1,1
F540,67,75,30,0.47,58,21,0.8,8.96,0.58,2.39,23,2.3,19.3,26,0.4,6.7,1,1,1,0
F541,85,84,35,0.43,58,24.3,1,9.12,0.62,2.28,0,8.8,22.5,36,0.4,7.2,0,1,1,0
F542,64,110,45,0.5,40,25.3,1.1,8.48,0.61,2.52,32,10,26.7,73,0.31,4.8,1,1,1,0
F543,64,104,40,0.43,62,26,1,8.92,0.62,2.55,25,8.5,23.8,46,0.31,5.7,1,1,1,1
F544,80,103,45,0.47,62,23,1,9.03,0.6,2.28,0,12,21.2,43,0.34,5.2,1,1,1,0
F545,72,99,40,0.43,68,25.2,1,8.04,0.58,2.54,0,6.3,25.8,49,0.25,7.3,0,1,1,0
F546,72,100,35,0.53,40,29,0.9,8,NA,2.38,22,6.5,19,40,0.34,5,1,1,1,1
F547,89,95,40,0.4,68,24.5,0.7,8.24,0.59,2.5,30,8.3,20,51,0.23,3.8,1,0,1,0
F548,69,84,40,0.43,62,22.3,0.9,9.19,0.66,2.55,27,6.8,22.7,36,0.4,6.8,1,1,1,0
F549,62,81,50,0.47,47,21.8,1.2,9.09,0.66,2.44,27,2.8,22.2,60,0.24,3.7,1,1,1,0
F550,98,92,40,0.3,50,18.8,0.7,9.04,0.6,2.31,37,7.3,16.7,25,0.35,3.7,1,1,1,1
F551,75,89,45,0.47,67,25.5,1.2,8.87,0.62,2.31,42,9.5,25,53,0.35,6.7,0,1,1,0
F552,70,84,40,0.3,83,15.8,0.7,8.82,0.56,2.4,0,9.7,18.2,25,0.41,1.2,1,1,1,0
F553,63,60,40,0.53,37,20.2,0.7,8.17,0.39,2.66,0,0,19.2,56,0.23,6.3,1,1,1,0
F554,72,89,45,0.33,42,15.5,0.7,8.91,0.63,2.48,22,9,19.2,23,0.35,6.3,1,1,1,1
F555,63,94,40,0.4,55,23.5,0.8,8.77,0.64,2.35,38,5.8,22,50,0.3,4.8,1,1,1,0
F556,65,86,50,0.43,53,19.5,1,8.78,0.57,2.82,27,8.7,21.8,46,0.27,5.2,1,1,0,1
F557,73,83,35,0.47,83,22.8,1,9.07,0.55,2.44,28,7,16,39,0.23,2.3,1,0,0,0
F558,63,101,40,0.5,85,21.8,0.9,9.36,0.61,2.33,32,9.2,23.8,41,0.34,6.3,1,1,1,0
F559,102,91,60,0.43,65,24,0.8,8.88,0.54,2.37,47,6.7,23,39,0.4,4.5,1,1,1,0
F560,85,71,45,0.37,82,16.3,0.8,9.19,0.53,2.39,0,8,21.3,26,0.42,5.5,0,1,1,1
F561,66,81,45,0.5,40,21.8,0.9,9.11,0.61,2.59,0,2.5,17.2,41,0.21,4.3,1,1,1,1
F562,80,77,40,0.4,80,22,0.8,7.98,0.6,2.4,0,2.7,18,35,0.23,2.8,0,0,1,0
F563,98,79,35,0.43,40,23.5,1.1,8.35,0.6,2.43,25,3.8,24.7,51,0.3,8.2,0,1,1,0
F564,80,72,40,0.4,48,15.8,0.9,9.08,0.71,2.49,0,8.8,17.2,30,0.3,6.3,0,1,1,0
F565,101,82,50,0.4,30,17.7,0.9,8.53,0.6,2.3,30,5.7,20.2,30,0.32,5.3,1,1,1,0
F566,87,85,45,0.43,48,19.5,1.1,8.69,0.66,2.3,35,11.5,18.7,29,0.31,3.2,1,1,1,0
F567,75,90,45,0.5,53,20.7,1,8.38,0.55,2.53,35,8.7,23.3,54,0.31,6.2,0,1,1,0
F568,97,90,45,0.47,37,26.3,1,8.65,0.57,2.29,33,6.5,24,46,0.35,6.3,1,1,1,1
F569,124,87,45,0.37,60,20.7,1,9,0.63,2.24,0,4.2,17.3,30,0.31,4.8,1,1,1,0
F570,67,85,50,0.47,68,20,1,8.42,0.55,2.44,18,9.3,19.8,31,0.27,4.3,1,0,1,0
F571,64,99,25,0.5,40,27.3,1.1,9.48,0.62,2.29,0,5.7,23,87,0.31,7,1,1,1,0
F572,64,96,20,0.37,37,24.7,1,8.77,0.65,2.38,17,4,20.3,42,0.27,5.8,1,1,1,0
F573,69,98,40,0.4,67,20.2,0.9,8.54,0.55,2.25,17,5.2,21.8,56,0.31,3.7,1,0,1,0
F574,73,80,30,0.47,47,13.8,0.8,8.48,0.54,2.4,0,4.7,17,21,0.38,6.3,0,1,1,0
F575,89,79,35,0.4,48,20.3,0.9,9.39,0.68,2.49,27,7,18.5,27,0.37,4.5,1,1,1,0
F576,109,89,50,0.43,87,20,0.9,9.23,0.65,2.28,40,3.5,21.8,39,0.28,3.2,1,0,1,0
F577,102,82,45,0.5,60,20.8,1,8.74,0.67,2.62,40,5.3,20,31,0.28,5.8,1,0,1,0
F578,71,109,45,0.47,50,19.8,0.8,9.04,0.67,2.55,25,4.5,22.3,35,0.31,4.8,1,1,1,0
F579,85,107,50,0.47,73,23.8,1.2,8.75,0.65,2.52,22,10.8,28.3,45,0.32,9.2,0,1,1,0
F580,72,99,25,0.43,47,21.7,0.8,9.24,0.67,2.39,20,5.5,22.2,36,0.31,5.7,0,1,1,1
F581,80,101,35,0.47,75,20.5,0.9,8.64,0.57,2.44,0,10.8,22,35,0.42,6.5,0,1,1,0
F582,80,97,50,0.33,70,18.5,0.7,9.43,0.58,2.33,25,5.7,18.2,29,0.33,4.2,1,0,1,0
F583,79,83,55,0.43,40,19,1,9.54,0.69,2.62,30,8.7,23,40,0.32,5.7,0,1,1,0
F584,62,69,40,0.43,32,20,0.8,8.25,0.66,2.74,0,4.5,20.2,42,0.26,4.8,0,1,1,0
F585,64,84,40,0.47,27,23,0.9,8.47,0.6,2.54,0,1.8,18,36,0.2,5.5,1,1,1,0
F586,78,99,50,0.43,45,28.7,1,8.85,0.6,2.44,22,6,20.7,37,0.31,4.7,0,1,1,1
F587,79,82,30,0.47,65,17.5,1,8.55,0.55,2.42,23,4.7,17.8,38,0.22,2,1,1,1,0
F588,70,97,40,0.47,53,19.2,0.9,9.08,0.53,2.33,30,12.8,22,39,0.34,6.7,1,1,1,1
F589,70,104,45,0.5,90,29.5,0.9,9.11,0.69,2.63,25,3,22.2,38,0.3,8,0,1,1,0
F590,83,101,55,0.5,35,23.8,1,8.75,0.61,2.35,0,5.3,14,42,0.3,4.3,1,1,1,0
F591,90,83,50,0.4,93,20.5,0.8,8.5,0.57,2.5,0,5.8,24.3,40,0.4,6,0,1,1,0
F592,71,69,50,0.43,72,13.3,0.7,8.96,0.6,2.29,0,4.7,19.2,22,0.37,4.8,1,1,1,0
F593,82,104,35,0.47,53,19.7,1,8.22,0.51,2.46,38,9,24.3,62,0.3,5.8,1,1,1,1
F594,80,98,50,0.57,50,20.7,1,8.46,0.56,2.39,37,9.2,27,80,0.31,4.8,1,1,1,0
F595,76,97,45,0.43,62,23.5,1,8.99,0.61,2.43,32,5.7,22.2,38,0.33,7.2,1,1,1,0
F596,75,100,65,0.53,52,25.7,1.2,9.11,0.63,2.47,28,6.8,25.2,62,0.31,5.2,1,1,1,0
F597,82,100,40,0.43,28,29,0.9,8.99,0.62,2.49,18,6.3,24.8,35,0.32,6.3,0,1,1,1
F598,95,103,55,0.43,57,22.3,1,8.43,0.54,2.31,33,12.8,25.2,57,0.31,4.5,1,1,1,0
F599,74,95,40,0.5,57,19.5,0.9,9.56,0.65,2.35,40,3.8,23.7,29,0.33,7.3,1,1,1,0
F600,63,72,40,0.47,53,18.8,0.9,9.38,0.61,2.66,38,3.7,22.5,58,0.35,5.7,1,1,1,0
